Transaction Name,Transaction Name URL,Organization Location,Organization Name,Organization Name URL,Funding Type,Money Raised,Money Raised Currency,Money Raised (in USD),Announced Date,Organization Industries,Lead Investors
Series A - PeakMetrics,https://www.crunchbase.com/funding_round/peakmetrics-series-a--c7c4c65f,"Los Angeles, California, United States, North America",PeakMetrics,https://www.crunchbase.com/organization/peakmetrics,Series A,6000000,USD,6000000,2026-04-09,"Cyber Security, Machine Learning, Marketing Automation, Natural Language Processing, Software, Text Analytics",Moneta Ventures
Series A - Hubbl Diagnostics,https://www.crunchbase.com/funding_round/hubbl-diagnostics-series-a--6f230c21,"Vancouver, British Columbia, Canada, North America",Hubbl Diagnostics,https://www.crunchbase.com/organization/hubbl-diagnostics,Series A,6000000,USD,6000000,2026-02-09,"Analytics, Cyber Security, Software",Salesforce Ventures
Series A - RIIG,https://www.crunchbase.com/funding_round/riig-8f1c-series-a--c6eb1545,"Charlottesville, Virginia, United States, North America",RIIG,https://www.crunchbase.com/organization/riig-8f1c,Series A,6000000,USD,6000000,2026-04-21,"Artificial Intelligence (AI), Cyber Security, Data Integration, Information Technology, Risk Management",
Series A - Oloid,https://www.crunchbase.com/funding_round/oloid-ai-series-a--716f39bc,"Sunnyvale, California, United States, North America",Oloid,https://www.crunchbase.com/organization/oloid-ai,Series A,6000000,USD,6000000,2024-10-24,"Biometrics, Cyber Security, Identity Management, SaaS, Software","Carya Venture Partners, Exposition Ventures, George Kaiser Family Foundation, Yaletown Partners"
Series A - Shape Security,https://www.crunchbase.com/funding_round/shape-security-series-a--1cf22cb3,"Santa Clara, California, United States, North America",Shape Security,https://www.crunchbase.com/organization/shape-security,Series A,6000000,USD,6000000,2012-04-26,"Cyber Security, Information Technology, Network Security, Security","Kleiner Perkins, TomorrowVentures"
Series A - CryptoMove,https://www.crunchbase.com/funding_round/cryptomove-series-a--4412364d,"Oakland, California, United States, North America",CryptoMove,https://www.crunchbase.com/organization/cryptomove,Series A,6000000,USD,6000000,2018-02-12,"Blockchain, Cloud Security, Cyber Security, Database, Data Storage, Enterprise Software, Internet of Things, Security, Software",Social Capital
Series A - Demisto,https://www.crunchbase.com/funding_round/demisto-series-a--588fc884,"Cupertino, California, United States, North America",Demisto,https://www.crunchbase.com/organization/demisto,Series A,6000000,USD,6000000,2016-05-25,"Cyber Security, Developer Platform, Internet, Security",Accel
Series A - Arkose Labs,https://www.crunchbase.com/funding_round/arkoselabs-series-a--37260e23,"San Mateo, California, United States, North America",Arkose Labs,https://www.crunchbase.com/organization/arkoselabs,Series A,6000000,USD,6000000,2018-09-05,"Cyber Security, FinTech, Fraud Detection, Network Security, Security, Spam Filtering",U.S. Venture Partners
Series A - CenterBoard,https://www.crunchbase.com/funding_round/centerboard-series-a--e48ab299,"Pleasanton, California, United States, North America",CenterBoard,https://www.crunchbase.com/organization/centerboard,Series A,6000000,USD,6000000,2003-11-12,Cyber Security,N47
Series A - Inky,https://www.crunchbase.com/funding_round/arcode-series-a--064ae1a2,"College Park, Maryland, United States, North America",Inky,https://www.crunchbase.com/organization/arcode,Series A,6000000,USD,6000000,2019-11-14,"Artificial Intelligence (AI), Cyber Security, Email, SaaS","ClearSky, Gula Tech Adventures"
Series A - Seclore,https://www.crunchbase.com/funding_round/seclore-series-a--44192507,"Santa Clara, California, United States, North America",Seclore,https://www.crunchbase.com/organization/seclore,Series A,6000000,USD,6000000,2013-04-24,"Cyber Security, Information Services, Information Technology, Infrastructure, Security, Software","Helion Venture Partners, VenturEast"
Series A - Carbon Black,https://www.crunchbase.com/funding_round/bit9-series-a--d942fe46,"Waltham, Massachusetts, United States, North America",Carbon Black,https://www.crunchbase.com/organization/bit9,Series A,6000000,USD,6000000,2005-09-20,"Cyber Security, Homeland Security, Physical Security, Security","Atlas Venture, Highland Capital Partners"
Series A - Avathon,https://www.crunchbase.com/funding_round/sparkcognition-series-a--985f8375,"Pleasanton, California, United States, North America",Avathon,https://www.crunchbase.com/organization/sparkcognition,Series A,6000000,USD,6000000,2016-04-26,"Analytics, Artificial Intelligence (AI), Cyber Security, Machine Learning, Software","CME Ventures, Verizon Ventures"
Series A - Barkly,https://www.crunchbase.com/funding_round/cylent-systems-series-a--7d9ddc96,"Boston, Massachusetts, United States, North America",Barkly,https://www.crunchbase.com/organization/cylent-systems,Series A,6000000,USD,6000000,2017-01-19,"Cyber Security, Network Security, Security",New Enterprise Associates
Series A - Adlumin,https://www.crunchbase.com/funding_round/adlumin-inc-series-a--75fe53af,"Burlington, Massachusetts, United States, North America",Adlumin,https://www.crunchbase.com/organization/adlumin-inc,Series A,6000000,USD,6000000,2020-09-28,"Cyber Security, Enterprise Software, Information Technology, Network Security, SaaS",Leawood Venture Capital
Series A - Nantero,https://www.crunchbase.com/funding_round/nantero-series-a--013b097f,"Woburn, Massachusetts, United States, North America",Nantero,https://www.crunchbase.com/organization/nantero,Series A,6000000,USD,6000000,2001-10-01,"Computer, Cyber Security, Hardware, Manufacturing, Nanotechnology, Semiconductor, Software",Stata Venture Partners (SVP)
Series A - Bugcrowd,https://www.crunchbase.com/funding_round/bugcrowd-series-a--ac944f41,"San Francisco, California, United States, North America",Bugcrowd,https://www.crunchbase.com/organization/bugcrowd,Series A,6000000,USD,6000000,2015-03-11,"Crowdsourcing, Cyber Security, Penetration Testing, Security",Costanoa Ventures
Series A - Threater,https://www.crunchbase.com/funding_round/ThreatBlockr-series-a--304bb55f,"Washington, District of Columbia, United States, North America",Threater,https://www.crunchbase.com/organization/ThreatBlockr,Series A,6000000,USD,6000000,2019-02-20,"Cyber Security, Software",Tenfore Holdings
Series A - CogniFiber,https://www.crunchbase.com/funding_round/cognifiber-series-a--211a0e9f,"Rosh Ha'ayin, HaMerkaz, Israel, Asia",CogniFiber,https://www.crunchbase.com/organization/cognifiber,Series A,6000000,USD,6000000,2022-02-09,"Artificial Intelligence (AI), Cloud Computing, Cloud Infrastructure, Cyber Security, Fraud Detection, Internet of Things, Predictive Analytics",Chartered Group
Series A - Nisos,https://www.crunchbase.com/funding_round/nisos-series-a--7e73f293,"Arlington, Virginia, United States, North America",Nisos,https://www.crunchbase.com/organization/nisos,Series A,6000000,USD,6000000,2019-01-28,"Cyber Security, Information Technology, Network Security, Security",Columbia Capital
Series A - NETSCOUT Systems,https://www.crunchbase.com/funding_round/netscout-systems-series-a--890649cd,"Westford, Massachusetts, United States, North America",NETSCOUT Systems,https://www.crunchbase.com/organization/netscout-systems,Series A,6000000,USD,6000000,1996-02-01,"Cyber Security, Network Security, Virtualization",Greylock
Series A - Terbium Labs,https://www.crunchbase.com/funding_round/terbium-labs-series-a--7158ff39,"Baltimore, Maryland, United States, North America",Terbium Labs,https://www.crunchbase.com/organization/terbium-labs,Series A,6000000,USD,6000000,2017-11-29,"Computer, Cyber Security, Network Security",Glasswing Ventures
Series A - CoWare,https://www.crunchbase.com/funding_round/coware-series-a--9b53e6fe,"San Jose, California, United States, North America",CoWare,https://www.crunchbase.com/organization/coware,Series A,6000000,USD,6000000,1997-04-01,"Artificial Intelligence (AI), Cloud Data Services, Computer, Consulting, Cyber Security, Machine Learning, Software",Greylock
Series A - Envelop Risk,https://www.crunchbase.com/funding_round/envelop-risk-analytics-series-a--5bdd380f,"Bristol, Bristol, United Kingdom, Europe",Envelop Risk,https://www.crunchbase.com/organization/envelop-risk-analytics,Series A,6000000,USD,6000000,2020-05-14,"Artificial Intelligence (AI), Cyber Security, Information Technology",Alpha Intelligence Capital
Series A - Blue Hexagon,https://www.crunchbase.com/funding_round/blue-hexagon-series-a--4eea3c53,"San Francisco, California, United States, North America",Blue Hexagon,https://www.crunchbase.com/organization/blue-hexagon,Series A,6000000,USD,6000000,2017-10-13,"Artificial Intelligence (AI), Cyber Security, Machine Learning, Software",Benchmark
Series A - Stamus Networks,https://www.crunchbase.com/funding_round/stamus-networks-series-a--a503703c,"Indianapolis, Indiana, United States, North America",Stamus Networks,https://www.crunchbase.com/organization/stamus-networks,Series A,6000000,USD,6000000,2023-08-08,"Big Data, Cyber Security, Information Technology, Intrusion Detection, Network Security",First Analysis
Series A - D-Fend Solutions,https://www.crunchbase.com/funding_round/d-fend-solutions-series-a--9f07fb3d,"Ra'anana, HaMerkaz, Israel, Asia",D-Fend Solutions,https://www.crunchbase.com/organization/d-fend-solutions,Series A,6000000,USD,6000000,2018-05-23,"Cyber Security, Drone Management, Drones, Law Enforcement, National Security, Security",
Series A - Sumsub,https://www.crunchbase.com/funding_round/sum-substance-series-a--a077cb70,"Limassol, Limassol, Cyprus, Europe",Sumsub,https://www.crunchbase.com/organization/sum-substance,Series A,6000000,USD,6000000,2019-12-08,"Compliance, Computer Vision, Cyber Security, Finance, Financial Services, FinTech, Fraud Detection, Identity Management, Information Technology, Transportation",
Series A - Secret Double Octopus,https://www.crunchbase.com/funding_round/secret-double-octopus-series-a--95cb1fc4,"Tel Aviv, Tel Aviv, Israel, Asia",Secret Double Octopus,https://www.crunchbase.com/organization/secret-double-octopus,Series A,6000000,USD,6000000,2017-01-24,"Computer, Cyber Security, Identity Management, Internet of Things, Software",
Series A - Baffle,https://www.crunchbase.com/funding_round/baffle-series-a--717e643f,"Santa Clara, California, United States, North America",Baffle,https://www.crunchbase.com/organization/baffle,Series A,6000000,USD,6000000,2019-08-09,"Analytics, Artificial Intelligence (AI), Cloud Security, Cyber Security, Enterprise Applications, Machine Learning, Privacy, SaaS, Security, Software",
Series A - CyberArk,https://www.crunchbase.com/funding_round/cyber-ark-software-series-a--2e9bfda0,"Newton, Massachusetts, United States, North America",CyberArk,https://www.crunchbase.com/organization/cyber-ark-software,Series A,6000000,USD,6000000,2000-07-01,"Cloud Security, Cyber Security, Identity Management, Security",
Series A - A10 Networks,https://www.crunchbase.com/funding_round/a10-networks-series-a--539dbc26,"San Jose, California, United States, North America",A10 Networks,https://www.crunchbase.com/organization/a10-networks,Series A,6000000,USD,6000000,2005-01-01,"Cloud Computing, Cyber Security, Hardware, Security, SEO, Virtualization, Web Hosting",
Series A - Duo Security,https://www.crunchbase.com/funding_round/duo-security-series-a--dbdc4669,"Ann Arbor, Michigan, United States, North America",Duo Security,https://www.crunchbase.com/organization/duo-security,Series A,6000000,USD,6000000,2012-02-28,"Cloud Security, Cyber Security, Enterprise Software, Identity Management, Network Security, SaaS",
Series A - Evo Security,https://www.crunchbase.com/funding_round/evo-security-series-a--f26ce725,"Austin, Texas, United States, North America",Evo Security,https://www.crunchbase.com/organization/evo-security,Series A,6074998,USD,6074998,2024-05-10,"Cloud Computing, Cyber Security, Information Technology, SaaS, Security",TechOperators Venture Capital
Series A - Monarx,https://www.crunchbase.com/funding_round/monarx-inc-series-a--2bbbf6ca,"Salt Lake City, Utah, United States, North America",Monarx,https://www.crunchbase.com/organization/monarx-inc,Series A,6100000,USD,6100000,2023-02-23,"Cloud Security, CMS, Cyber Security, Network Security, SaaS, Software, Web Hosting",Signal Peak Ventures
Series A - Red Canary,https://www.crunchbase.com/funding_round/red-canary-series-a--6358d6c8,"Denver, Colorado, United States, North America",Red Canary,https://www.crunchbase.com/organization/red-canary,Series A,6100000,USD,6100000,2016-08-02,"Cyber Security, Network Security, Security",
Series A - Detectify,https://www.crunchbase.com/funding_round/detectify-series-a--bd5e6715,"Stockholm, Stockholms Lan, Sweden, Europe",Detectify,https://www.crunchbase.com/organization/detectify,Series A,5000000,EUR,6148133,2018-03-16,"Cloud Infrastructure, Cyber Security, SaaS, Security, Web Apps",Insight Partners
Series A - Datadog,https://www.crunchbase.com/funding_round/datadog-series-a--b54a79d6,"New York, New York, United States, North America",Datadog,https://www.crunchbase.com/organization/datadog,Series A,6200000,USD,6200000,2012-11-21,"Application Performance Management, Cloud Computing, Cloud Data Services, Cloud Infrastructure, Cyber Security, Data Management, DevOps, Productivity Tools, SaaS, Usability Testing","Index Ventures, RTP Global"
Series A - GEOSATIS,https://www.crunchbase.com/funding_round/geosatis-series-a--4dc0f204,"Le Noirmont, Jura, Switzerland, Europe",GEOSATIS,https://www.crunchbase.com/organization/geosatis,Series A,6000000,CHF,6228848,2017-07-03,"Cyber Security, Electronics, Embedded Software, Internet of Things, Mobile Apps, Predictive Analytics, Public Safety, Satellite Communication",Laurent Dassault
Series A - Picus,https://www.crunchbase.com/funding_round/picus-security-series-a--0b50acba,"San Francisco, California, United States, North America",Picus,https://www.crunchbase.com/organization/picus-security,Series A,6250000,USD,6250000,2019-10-24,"Cloud Security, Cyber Security, Enterprise Software, Network Security",Earlybird Digital East Fund
Series A - Vidder,https://www.crunchbase.com/funding_round/vidder-series-a--5cbb8c99,"Campbell, California, United States, North America",Vidder,https://www.crunchbase.com/organization/vidder,Series A,6273087,USD,6273087,2009-03-12,"Cyber Security, Network Security, Security",
Series A - GreatHorn,https://www.crunchbase.com/funding_round/greathorn-series-a--2d389971,"Waltham, Massachusetts, United States, North America",GreatHorn,https://www.crunchbase.com/organization/greathorn,Series A,6300000,USD,6300000,2017-06-21,"Cyber Security, Email, Hardware, Internet, Machine Learning, Security, Software",".406 Ventures, Techstars"
Series A - RunSafe Security,https://www.crunchbase.com/funding_round/runsafe-security-inc-series-a--aa8baa42,"Mclean, Virginia, United States, North America",RunSafe Security,https://www.crunchbase.com/organization/runsafe-security-inc,Series A,6300000,USD,6300000,2019-11-30,"Cloud Security, Cyber Security, Network Security, Security, Software",Alsop Louie Partners
Series A - Protego Networks,https://www.crunchbase.com/funding_round/protego-networks-series-a--991f2e1f,"Milpitas, California, United States, North America",Protego Networks,https://www.crunchbase.com/organization/protego-networks,Series A,6300000,USD,6300000,2004-01-16,"Cyber Security, Network Security, Software",Miramar Ventures
Series A - Qohash,https://www.crunchbase.com/funding_round/qohash-inc-series-a--467ac353,"Quebec, Quebec, Canada, North America",Qohash,https://www.crunchbase.com/organization/qohash-inc,Series A,8000000,CAD,6325391,2021-01-14,"Compliance, Cyber Security, Enterprise Software, Security",FINTOP Capital
Series A - EclecticIQ,https://www.crunchbase.com/funding_round/eclecticiq-series-a--3bda7a69,"Amsterdam, Noord-Holland, The Netherlands, Europe",EclecticIQ,https://www.crunchbase.com/organization/eclecticiq,Series A,5500000,EUR,6339955,2016-05-02,"Artificial Intelligence (AI), Cyber Security, Fraud Detection, Risk Management, Security, Software",Inkef
Series A - Terbium Labs,https://www.crunchbase.com/funding_round/terbium-labs-series-a--219665ac,"Baltimore, Maryland, United States, North America",Terbium Labs,https://www.crunchbase.com/organization/terbium-labs,Series A,6400000,USD,6400000,2016-02-29,"Computer, Cyber Security, Network Security",.406 Ventures
Series A - Quad Miners,https://www.crunchbase.com/funding_round/quad-miners-series-a--0e1bc350,"Seocho, Seoul-t'ukpyolsi, South Korea, Asia",Quad Miners,https://www.crunchbase.com/organization/quad-miners,Series A,8200000000,KRW,6408603,2022-06-10,"Cyber Security, Information Technology, Software",Partners Investment
Series A - FireEye,https://www.crunchbase.com/funding_round/fireeye-series-a--2df91e6a,"Milpitas, California, United States, North America",FireEye,https://www.crunchbase.com/organization/fireeye,Series A,6450000,USD,6450000,2005-01-01,"Cloud Security, Cyber Security, Network Security, Security",
Series A - 6clicks,https://www.crunchbase.com/funding_round/6clicks-series-a--1f349287,"Melbourne, Victoria, Australia, Oceania",6clicks,https://www.crunchbase.com/organization/6clicks,Series A,10000000,AUD,6471478,2022-09-26,"Compliance, Cyber Security, Legal Tech, Risk Management, Software",Centerstone Capital
Series A - Sepio,https://www.crunchbase.com/funding_round/sepio-systems-series-a--b9d5b6da,"Rockville, Maryland, United States, North America",Sepio,https://www.crunchbase.com/organization/sepio-systems,Series A,6500000,USD,6500000,2019-11-07,"Asset Management, Cyber Security, Information Technology, InsurTech, Network Security, Risk Management, Software","Hanaco Venture Capital, Merlin Ventures"
Series A - RIIG,https://www.crunchbase.com/funding_round/riig-8f1c-series-a--416d1f71,"Charlottesville, Virginia, United States, North America",RIIG,https://www.crunchbase.com/organization/riig-8f1c,Series A,6500000,USD,6500000,2025-10-13,"Artificial Intelligence (AI), Cyber Security, Data Integration, Information Technology, Risk Management",5IR Funds
Series A - ellipse,https://www.crunchbase.com/funding_round/ellipse-inc-series-a--a523209a,"Culver City, California, United States, North America",ellipse,https://www.crunchbase.com/organization/ellipse-inc,Series A,6500000,USD,6500000,2018-12-21,"Cyber Security, Information Technology, Payments",Upfront Ventures
Series A - Skyhigh Networks,https://www.crunchbase.com/funding_round/skyhigh-networks-series-a--78a546e3,"Campbell, California, United States, North America",Skyhigh Networks,https://www.crunchbase.com/organization/skyhigh-networks,Series A,6500000,USD,6500000,2012-04-09,"Cloud Security, Cyber Security, Enterprise Software",Greylock
Series A - Proofpoint,https://www.crunchbase.com/funding_round/proofpoint-series-a--38b22715,"Sunnyvale, California, United States, North America",Proofpoint,https://www.crunchbase.com/organization/proofpoint,Series A,6500000,USD,6500000,2003-01-02,"Compliance, Cyber Security, Email, Enterprise Software, Information Technology, Network Security, SaaS","Benchmark, Mohr Davidow Ventures"
Series A - Sternum,https://www.crunchbase.com/funding_round/sternum-series-a--2ff7cab2,"Tel Aviv, Tel Aviv, Israel, Asia",Sternum,https://www.crunchbase.com/organization/sternum,Series A,6500000,USD,6500000,2020-09-15,"Cyber Security, Data Visualization, Internet of Things, Software",Square Peg Capital
Series A - Phantom,https://www.crunchbase.com/funding_round/phantom-cyber-series-a--64fccbc4,"Palo Alto, California, United States, North America",Phantom,https://www.crunchbase.com/organization/phantom-cyber,Series A,6500000,USD,6500000,2015-09-28,"Cyber Security, Network Security, Security",TechOperators Venture Capital
Series A - Bitium,https://www.crunchbase.com/funding_round/bitium-series-a--b38f6c28,"Santa Monica, California, United States, North America",Bitium,https://www.crunchbase.com/organization/bitium,Series A,6500000,USD,6500000,2014-03-01,"Cloud Computing, Cyber Security, Identity Management, SaaS, Security, Software",Polaris Partners
Series A - IRONSCALES,https://www.crunchbase.com/funding_round/ironscales-series-a--b9d9973b,"Atlanta, Georgia, United States, North America",IRONSCALES,https://www.crunchbase.com/organization/ironscales,Series A,6500000,USD,6500000,2017-12-05,"Artificial Intelligence (AI), Cloud Security, Cyber Security, Information Services, Information Technology, SaaS, Software, Training",K1 Investment Management
Series A - CloudPassage,https://www.crunchbase.com/funding_round/cloudpassage-series-a--1e487970,"San Francisco, California, United States, North America",CloudPassage,https://www.crunchbase.com/organization/cloudpassage,Series A,6500000,USD,6500000,2011-04-27,"Cloud Security, Cyber Security, Data Center, Enterprise Software, Information Technology, Internet, Network Security, Security, Software",Benchmark
Series A - Shadow Networks,https://www.crunchbase.com/funding_round/shadow-networks-series-a--21ec8ee5,"Santa Clara, California, United States, North America",Shadow Networks,https://www.crunchbase.com/organization/shadow-networks,Series A,6500000,USD,6500000,2014-03-24,"Cyber Security, Government, Security",
Series A - ANOZR WAY,https://www.crunchbase.com/funding_round/anozr-way-series-a--4da3d04f,"Cesson-sévigné, Bretagne, France, Europe",ANOZR WAY,https://www.crunchbase.com/organization/anozr-way,Series A,6000000,EUR,6555944,2024-03-12,"Cyber Security, Software",Hi Inov - Dentressangle
Series A - Gospel Technology,https://www.crunchbase.com/funding_round/gospel-technology-series-a--36ade7d3,"London, England, United Kingdom, Europe",Gospel Technology,https://www.crunchbase.com/organization/gospel-technology,Series A,5000000,GBP,6558048,2018-09-24,"Cyber Security, Software","IA Ventures, Salesforce Ventures"
Series A - Cmd,https://www.crunchbase.com/funding_round/cmd-series-a--44a6a2fb,"Vancouver, British Columbia, Canada, North America",Cmd,https://www.crunchbase.com/organization/cmd,Series A,6600000,USD,6600000,2016-01-01,"B2B, Cyber Security, DevOps, Information Technology, Internet, Internet of Things, Linux",Expa
Series A - Bayshore Networks,https://www.crunchbase.com/funding_round/bayshore-networks-series-a--d695d8d9,"Durham, North Carolina, United States, North America",Bayshore Networks,https://www.crunchbase.com/organization/bayshore-networks,Series A,6600000,USD,6600000,2016-05-10,"Cyber Security, Information Technology, Internet of Things",Forgepoint Capital
Series A - Approov,https://www.crunchbase.com/funding_round/criticalblue-5ede-series-a--6b4f8aca,"Edinburgh, Edinburgh, City of, United Kingdom, Europe",Approov,https://www.crunchbase.com/organization/criticalblue-5ede,Series A,5000000,GBP,6648954,2025-08-04,"Cyber Security, Developer APIs, Security, Software",Maven Capital Partners
Series A - xorlab,https://www.crunchbase.com/funding_round/xorlab-series-a--4c17476f,"Zürich, Zurich, Switzerland, Europe",xorlab,https://www.crunchbase.com/organization/xorlab,Series A,6100000,CHF,6654536,2021-10-24,"Cyber Security, Information Technology, Machine Learning, Software",EquityPitcher Ventures
Series A - Enginsight,https://www.crunchbase.com/funding_round/enginsight-series-a--7dce0777,"Jena, Thuringen, Germany, Europe",Enginsight,https://www.crunchbase.com/organization/enginsight,Series A,6000000,EUR,6677789,2024-09-25,"Cyber Security, Information Technology, IT Management, Penetration Testing, Software",UVC Partners
Series A - Blackpanda,https://www.crunchbase.com/funding_round/blackpanda-series-a--6511796f,"Singapore, Central Region, Singapore, Asia",Blackpanda,https://www.crunchbase.com/organization/blackpanda,Series A,6700000,USD,6700000,2024-09-25,"Computer, Cyber Security, Information Technology, InsurTech, Network Security","Gaw Capital Partners, Singtel Innov8"
Series A - Nethone,https://www.crunchbase.com/funding_round/nethone-series-a--ecb8a6c5,"Warsaw, Mazowieckie, Poland, Europe",Nethone,https://www.crunchbase.com/organization/nethone,Series A,6700000,USD,6700000,2021-07-15,"Analytics, Artificial Intelligence (AI), Business Intelligence, Cyber Security, FinTech, Fraud Detection, Machine Learning, Risk Management, SaaS","ARIA Fund, Atmos Ventures"
Series A - HYAS,https://www.crunchbase.com/funding_round/hyas-infosec-series-a--5aad5b54,"Vancouver, British Columbia, Canada, North America",HYAS,https://www.crunchbase.com/organization/hyas-infosec,Series A,6700000,USD,6700000,2018-09-24,"Cyber Security, Fraud Detection, Network Security, Security",M12 - Microsoft's Venture Fund
Series A - Immuta,https://www.crunchbase.com/funding_round/immuta-series-a--29c36474,"Boston, Massachusetts, United States, North America",Immuta,https://www.crunchbase.com/organization/immuta,Series A,6700000,USD,6700000,2017-07-01,"Analytics, Big Data, Cloud Data Services, Cyber Security, Data Governance, Privacy, Security, Software",Drive Capital
Series A - IriusRisk,https://www.crunchbase.com/funding_round/continuum-security-sl-series-a--4ddc918c,"Huesca, Aragon, Spain, Europe",IriusRisk,https://www.crunchbase.com/organization/continuum-security-sl,Series A,6700000,USD,6700000,2020-09-30,"Cyber Security, Enterprise Software, Information Technology, Security, Software",Paladin Capital Group
Series A - CybaVerse,https://www.crunchbase.com/funding_round/north-star-cyber-security-series-a--bcbef6c2,"Portsmouth, Hampshire, United Kingdom, Europe",CybaVerse,https://www.crunchbase.com/organization/north-star-cyber-security,Series A,5000000,GBP,6701631,2025-10-15,"Artificial Intelligence (AI), Cloud Security, Cyber Security, Information Technology, Internet, Network Security, Penetration Testing, SaaS, Security","Airbridge Equity Partners, Pembroke VCT"
Series A - Numeracle,https://www.crunchbase.com/funding_round/numeracle-series-a--4f1ae326,"Mclean, Virginia, United States, North America",Numeracle,https://www.crunchbase.com/organization/numeracle,Series A,6800000,USD,6800000,2023-12-28,"Communications Infrastructure, Cyber Security, Fraud Detection, Identity Management",
Series A - Wallix,https://www.crunchbase.com/funding_round/wallix-series-a--94161992,"Paris, Ile-de-France, France, Europe",Wallix,https://www.crunchbase.com/organization/wallix,Series A,5100000,EUR,6894529,2011-11-15,"Cyber Security, Security, Software",Auriga Partners
Series A - CyberSmart,https://www.crunchbase.com/funding_round/cybersmart-2-series-a--573ab46d,"London, England, United Kingdom, Europe",CyberSmart,https://www.crunchbase.com/organization/cybersmart-2,Series A,5500000,GBP,6913300,2020-07-14,"B2B, Compliance, Cyber Security, InsurTech, Network Security, Risk Management, SaaS",IQ Capital
Series A - Skyone,https://www.crunchbase.com/funding_round/sky-in-one-series-a--e6c49569,"São Paulo, Sao Paulo, Brazil, South America",Skyone,https://www.crunchbase.com/organization/sky-in-one,Series A,22500000,BRL,6968857,2018-01-05,"Cloud Computing, Cyber Security, Data Integration, Information Services, Information Technology, PaaS, SaaS, Software",Invest Tech
Series A - OnSecurity,https://www.crunchbase.com/funding_round/onsecurity-series-a--ba8abbc6,"Bristol, Bristol, United Kingdom, Europe",OnSecurity,https://www.crunchbase.com/organization/onsecurity,Series A,5500000,GBP,6999219,2024-06-10,"Cyber Security, Information Technology, Network Security, Usability Testing",Gresham House Ventures
Series A - Cytix,https://www.crunchbase.com/funding_round/cytix-21e0-series-a--0d957821,"Manchester, Manchester, United Kingdom, Europe",Cytix,https://www.crunchbase.com/organization/cytix-21e0,Series A,7000000,USD,7000000,2026-08-12,"Artificial Intelligence (AI), Cyber Security, Penetration Testing, Software",Northern Gritstone
Series A - Cloudburst Technologies,https://www.crunchbase.com/funding_round/cloudburst-technologies-0a3e-series-a--44857ada,"New York, New York, United States, North America",Cloudburst Technologies,https://www.crunchbase.com/organization/cloudburst-technologies-0a3e,Series A,7000000,USD,7000000,2025-09-23,"Blockchain, Cyber Security, Software",Borderless Capital
Series A - CloudSEK,https://www.crunchbase.com/funding_round/cloudsek-series-a--d16dd3d0,"Singapore, Central Region, Singapore, Asia",CloudSEK,https://www.crunchbase.com/organization/cloudsek,Series A,7000000,USD,7000000,2021-10-08,"Artificial Intelligence (AI), Cyber Security, Machine Learning, SaaS, Security",MassMutual Ventures
Series A - Cyrisma,https://www.crunchbase.com/funding_round/data-spotlite-series-a--0d815059,"Rochester, New York, United States, North America",Cyrisma,https://www.crunchbase.com/organization/data-spotlite,Series A,7000000,USD,7000000,2024-10-09,"Cyber Security, Information Technology, Network Security, Risk Management, SaaS, Software",Blueprint Equity
Series A - Varist,https://www.crunchbase.com/funding_round/varist-series-a--01be6eb1,"Reykjavík, Gullbringusysla, Iceland, Europe",Varist,https://www.crunchbase.com/organization/varist,Series A,7000000,USD,7000000,2024-11-27,"Cyber Security, Embedded Software, Information Services, Information Technology, Software",
Series A - Snyk,https://www.crunchbase.com/funding_round/snyk-series-a--d25fb350,"Boston, Massachusetts, United States, North America",Snyk,https://www.crunchbase.com/organization/snyk,Series A,7000000,USD,7000000,2018-03-06,"Cyber Security, Security, Software","boldstart ventures, Canaan Partners"
Series A - Defectdojo,https://www.crunchbase.com/funding_round/defectdojo-series-a--a66b5b39,"Austin, Texas, United States, North America",Defectdojo,https://www.crunchbase.com/organization/defectdojo,Series A,7000000,USD,7000000,2024-09-25,"Computer, Cyber Security, Network Security",Aspenwood Ventures
Series A - Ledger,https://www.crunchbase.com/funding_round/ledger-2-series-a--ce22cbb5,"Paris, Ile-de-France, France, Europe",Ledger,https://www.crunchbase.com/organization/ledger-2,Series A,7000000,USD,7000000,2017-03-30,"Cryptocurrency, Cyber Security, Infrastructure, SaaS",MAIF Avenir
Series A - Cynet,https://www.crunchbase.com/funding_round/cynet-2-series-a--c7210cb4,"Boston, Massachusetts, United States, North America",Cynet,https://www.crunchbase.com/organization/cynet-2,Series A,7000000,USD,7000000,2016-02-10,"Computer, Cyber Security, Network Security",Ibex Investors
Series A - Pistachio,https://www.crunchbase.com/funding_round/pistachio-c634-series-a--e22acd7f,"Oslo, Oslo, Norway, Europe",Pistachio,https://www.crunchbase.com/organization/pistachio-c634,Series A,7000000,USD,7000000,2025-04-29,"Artificial Intelligence (AI), Corporate Training, Cyber Security, SaaS, Training",Walter Ventures
Series A - Luma,https://www.crunchbase.com/funding_round/luma-2-series-a--debe1f75,"Atlanta, Georgia, United States, North America",Luma,https://www.crunchbase.com/organization/luma-2,Series A,7000000,USD,7000000,2016-09-14,"Cyber Security, Hardware, Internet, Network Security","Andreessen Horowitz, Google Ventures"
Series A - CloudFirst,https://www.crunchbase.com/funding_round/cloudfirst-368a-series-a--9cd2c29c,"Melville, New York, United States, North America",CloudFirst,https://www.crunchbase.com/organization/cloudfirst-368a,Series A,7000000,USD,7000000,2017-12-14,"Cloud Data Services, Cloud Management, Cloud Storage, Cyber Security, Enterprise Software, Information Technology, Mapping Services, Software",Layer 7 Capital
Series A - Sendmarc,https://www.crunchbase.com/funding_round/sendmarc-series-a--8ac126af,"Wilmington, Delaware, United States, North America",Sendmarc,https://www.crunchbase.com/organization/sendmarc,Series A,7000000,USD,7000000,2023-02-08,"Cyber Security, Email, Information Technology, Internet",Atlantica Ventures
Series A - TypingDNA,https://www.crunchbase.com/funding_round/typingdna-series-a--bd340c5e,"Brooklyn, New York, United States, North America",TypingDNA,https://www.crunchbase.com/organization/typingdna,Series A,7000000,USD,7000000,2020-01-04,"Artificial Intelligence (AI), Cyber Security, Developer APIs, Fraud Detection, Identity Management, SaaS, Software",Gradient
Series A - MistNet,https://www.crunchbase.com/funding_round/mistnet-io-series-a--7c24feae,"Mountain View, California, United States, North America",MistNet,https://www.crunchbase.com/organization/mistnet-io,Series A,7000000,USD,7000000,2019-05-21,"Artificial Intelligence (AI), Cyber Security, Risk Management, Security",Foundation Capital
Series A - Acalvio Technologies,https://www.crunchbase.com/funding_round/acalvio-technologies-series-a--354c51d3,"Santa Clara, California, United States, North America",Acalvio Technologies,https://www.crunchbase.com/organization/acalvio-technologies,Series A,7000000,USD,7000000,2015-08-26,"Cloud Computing, Cloud Security, Cyber Security, Network Security, SaaS, Security, Software",Ignition Partners
Series A - StealthMole,https://www.crunchbase.com/funding_round/stealthmole-series-a--a1e58d80,"Singapore, Central Region, Singapore, Asia",StealthMole,https://www.crunchbase.com/organization/stealthmole,Series A,7000000,USD,7000000,2024-03-28,"Artificial Intelligence (AI), Cyber Security, Security",Korea Investment Partners
Series A - FireCompass,https://www.crunchbase.com/funding_round/firecompass-series-a--549003da,"Boston, Massachusetts, United States, North America",FireCompass,https://www.crunchbase.com/organization/firecompass,Series A,7000000,USD,7000000,2023-02-06,"Big Data, Cyber Security, Information Technology, Internet, SaaS","Athera Venture Partners, Cervin Ventures"
Series A - Alcide,https://www.crunchbase.com/funding_round/alcide-series-a--043e5bce,"Tel Aviv, Tel Aviv, Israel, Asia",Alcide,https://www.crunchbase.com/organization/alcide,Series A,7000000,USD,7000000,2018-11-19,"Cloud Security, Cyber Security, Data Center, DevOps, Information Technology, Network Security, Security, Software",CE Ventures (CEIIF)
Series A - Voatz,https://www.crunchbase.com/funding_round/voatz-series-a--52074297,"Boston, Massachusetts, United States, North America",Voatz,https://www.crunchbase.com/organization/voatz,Series A,7000000,USD,7000000,2019-06-06,"Blockchain, Cyber Security, Government, Mobile, Mobile Apps, Politics","Medici Ventures, Techstars"
Series A - Baffle,https://www.crunchbase.com/funding_round/baffle-series-a--8c19df22,"Santa Clara, California, United States, North America",Baffle,https://www.crunchbase.com/organization/baffle,Series A,7000000,USD,7000000,2018-01-17,"Analytics, Artificial Intelligence (AI), Cloud Security, Cyber Security, Enterprise Applications, Machine Learning, Privacy, SaaS, Security, Software",Envision Ventures
Series A - Rapid7,https://www.crunchbase.com/funding_round/rapid7-series-a--8eb0d2eb,"Boston, Massachusetts, United States, North America",Rapid7,https://www.crunchbase.com/organization/rapid7,Series A,7000000,USD,7000000,2008-09-17,"Analytics, Cyber Security, Enterprise Software, Network Security, Risk Management, Security",Bain Capital Ventures
Series A - BigPanda,https://www.crunchbase.com/funding_round/bigpanda-series-a--fc856d79,"Redwood City, California, United States, North America",BigPanda,https://www.crunchbase.com/organization/bigpanda,Series A,7000000,USD,7000000,2014-10-28,"Artificial Intelligence (AI), Cloud Infrastructure, Cyber Security, Data Integration, Developer Platform, DevOps, Enterprise Software, Information Technology, SaaS",Mayfield Fund
Series A - RiskSense,https://www.crunchbase.com/funding_round/risksense-series-a--51bd290b,"Sunnyvale, California, United States, North America",RiskSense,https://www.crunchbase.com/organization/risksense,Series A,7000000,USD,7000000,2016-08-02,"Cyber Security, Information Technology, Network Security, Risk Management, Security, Software",Paladin Capital Group
Series A - PureSec,https://www.crunchbase.com/funding_round/puresec-series-a--dafb3731,"Tel Aviv, Tel Aviv, Israel, Asia",PureSec,https://www.crunchbase.com/organization/puresec,Series A,7000000,USD,7000000,2018-10-04,"Cloud Security, Cyber Security, Enterprise Software, Security, Software",Square Peg Capital
Series A - Morphisec,https://www.crunchbase.com/funding_round/morphisec-series-a--301ff5a9,"New York, New York, United States, North America",Morphisec,https://www.crunchbase.com/organization/morphisec,Series A,7000000,USD,7000000,2015-07-06,"Cloud Security, Cyber Security, Enterprise Software, Network Security",Jerusalem Venture Partners (JVP)
Series A - CodeNotary,https://www.crunchbase.com/funding_round/codenotary-series-a--d4c9ea8f,"Houston, Texas, United States, North America",CodeNotary,https://www.crunchbase.com/organization/codenotary,Series A,7000000,USD,7000000,2020-01-21,"Cloud Security, Cyber Security, Data Integration, Enterprise Software, Information Technology, Open Source, Security, Software",Elaia
Series A - CyberQP,https://www.crunchbase.com/funding_round/quickpass-fd08-series-a--3f8d344a,"North Vancouver, British Columbia, Canada, North America",CyberQP,https://www.crunchbase.com/organization/quickpass-fd08,Series A,7000000,USD,7000000,2022-06-14,"Computer, Cyber Security, Software",Arthur Ventures
Series A - TopSpin Security,https://www.crunchbase.com/funding_round/topspin-security-series-a--9d611982,"Herzliya, Tel Aviv, Israel, Asia",TopSpin Security,https://www.crunchbase.com/organization/topspin-security,Series A,7000000,USD,7000000,2016-01-04,"Cyber Security, Network Security, Security",
Series A - Safe Security,https://www.crunchbase.com/funding_round/lucideus-series-a--d441bc4c,"Palo Alto, California, United States, North America",Safe Security,https://www.crunchbase.com/organization/lucideus,Series A,7000000,USD,7000000,2019-12-04,"Artificial Intelligence (AI), Cyber Security, Information Technology, Network Security, Risk Management",MS&AD Ventures
Series A - Cambridge Blockchain,https://www.crunchbase.com/funding_round/cambridge-blockchain-series-a--fa0a8410,"Cambridge, Massachusetts, United States, North America",Cambridge Blockchain,https://www.crunchbase.com/organization/cambridge-blockchain,Series A,7000000,USD,7000000,2018-05-16,"Blockchain, Cyber Security, Financial Services, FinTech, Identity Management, Information Technology, Privacy, Software",HCM Capital
Series A - Signifyd,https://www.crunchbase.com/funding_round/signifyd-series-a--dfb3882e,"San Jose, California, United States, North America",Signifyd,https://www.crunchbase.com/organization/signifyd,Series A,7000000,USD,7000000,2015-06-22,"Cyber Security, E-Commerce, Enterprise Software, Financial Services, FinTech, Fraud Detection, SaaS, Software",
Series A - Versive,https://www.crunchbase.com/funding_round/versive-series-a--c42645e1,"Seattle, Washington, United States, North America",Versive,https://www.crunchbase.com/organization/versive,Series A,7000000,USD,7000000,2013-07-16,"Analytics, Artificial Intelligence (AI), Big Data, Cyber Security, Predictive Analytics",
Series A - Human Security,https://www.crunchbase.com/funding_round/humansecurity-series-a--268f45e8,"New York, New York, United States, North America",Human Security,https://www.crunchbase.com/organization/humansecurity,Series A,7000000,USD,7000000,2014-05-01,"Advertising, Agentic AI, Artificial Intelligence (AI), Cyber Security, Fraud Detection, Internet, Security, Software",
Series A - Dataships,https://www.crunchbase.com/funding_round/dataships-series-a--6d91326d,"Blackrock, Dublin, Ireland, Europe",Dataships,https://www.crunchbase.com/organization/dataships,Series A,6800000,EUR,7007586,2025-01-05,"Artificial Intelligence (AI), Compliance, Cyber Security, Enterprise Software, SaaS",Osage Venture Partners
Series A - Exein,https://www.crunchbase.com/funding_round/exein-series-a--03232604,"Roma, Lazio, Italy, Europe",Exein,https://www.crunchbase.com/organization/exein,Series A,6000000,EUR,7012369,2021-09-22,"Artificial Intelligence (AI), Cyber Security, Internet of Things, Network Security, Software","eCAPITAL ENTREPRENEURIAL PARTNERS, Future Industry Ventures, Redstone.VC"
Series A - Moonshot,https://www.crunchbase.com/funding_round/moonshot-fc0c-series-a--94e6c308,"London, England, United Kingdom, Europe",Moonshot,https://www.crunchbase.com/organization/moonshot-fc0c,Series A,5000000,GBP,7054077,2021-06-03,"Analytics, Cyber Security, Information Technology, Public Safety","Beringea, Mercia Fund Managers"
Series A - Naq,https://www.crunchbase.com/funding_round/naq-cyber-series-a--06a8c850,"Den Haag, Zuid-Holland, The Netherlands, Europe",Naq,https://www.crunchbase.com/organization/naq-cyber,Series A,6000000,EUR,7061158,2025-09-08,"Artificial Intelligence (AI), Compliance, Cyber Security, Supply Chain Management, Training",Automate Health
Series A - CyberUpgrade,https://www.crunchbase.com/funding_round/cyberupgrade-series-a--e27dfe62,"Vilnius, Vilniaus Apskritis, Lithuania, Europe",CyberUpgrade,https://www.crunchbase.com/organization/cyberupgrade,Series A,6000000,EUR,7072553,2026-02-19,"Artificial Intelligence (AI), Cyber Security, Information Technology, SaaS",Iron Wolf Capital
Series A - QNu Labs,https://www.crunchbase.com/funding_round/qunu-series-a--36c75c75,"Bengaluru, Karnataka, India, Asia",QNu Labs,https://www.crunchbase.com/organization/qunu,Series A,600000000,INR,7095452,2025-04-30,"Computer, Cyber Security, Network Security, Quantum Computing, Software",National Quantum Mission
Series A - Stellar Cyber,https://www.crunchbase.com/funding_round/stellarcyber-series-a--ef3e4741,"Santa Clara, California, United States, North America",Stellar Cyber,https://www.crunchbase.com/organization/stellarcyber,Series A,7100000,USD,7100000,2019-10-01,"Cyber Security, Network Security, Security",Susquehanna International Group
Series A - Crypto Quantique,https://www.crunchbase.com/funding_round/crypto-quantique-series-a--2239d196,"City Of London, England, United Kingdom, Europe",Crypto Quantique,https://www.crunchbase.com/organization/crypto-quantique,Series A,6000000,GBP,7153451,2022-07-06,"Cyber Security, Hardware, Software, Wired Telecommunications","Business Growth Fund, Parkwalk Advisors"
Series A - GLIMPS,https://www.crunchbase.com/funding_round/glimps-series-a--b80b9bb8,"Cesson-sévigné, Bretagne, France, Europe",GLIMPS,https://www.crunchbase.com/organization/glimps,Series A,6000000,EUR,7173601,2021-04-13,"Artificial Intelligence (AI), Cyber Security, Network Security, Software",Ace Capital Partners
Series A - Arctic Wolf,https://www.crunchbase.com/funding_round/arctic-wolf-networks-series-a--b13f185b,"Eden Prairie, Minnesota, United States, North America",Arctic Wolf,https://www.crunchbase.com/organization/arctic-wolf-networks,Series A,7200000,USD,7200000,2012-05-01,"Cyber Security, Information Technology, Network Security, Risk Management, Software","Lightspeed Venture Partners, Redpoint"
Series A - Xona Systems,https://www.crunchbase.com/funding_round/xona-systems-series-a--51cf0848,"Hanover, Maryland, United States, North America",Xona Systems,https://www.crunchbase.com/organization/xona-systems,Series A,7200000,USD,7200000,2022-05-25,"Cyber Security, Industrial Automation, Information Technology, Internet of Things, Oil and Gas, Renewable Energy, Software",DataTribe Opportunities Fund
Series A - Protexxa,https://www.crunchbase.com/funding_round/protexxa-series-a--89bf414d,"Toronto, Ontario, Canada, North America",Protexxa,https://www.crunchbase.com/organization/protexxa,Series A,10000000,CAD,7253999,2024-07-23,"Cyber Security, Information Technology",
Series A - Sentry Enterprises Holding,https://www.crunchbase.com/funding_round/blustor-series-a--d37b41d3,"West Chester, Pennsylvania, United States, North America",Sentry Enterprises Holding,https://www.crunchbase.com/organization/blustor,Series A,7298912,USD,7298912,2018-07-15,"Biometrics, Credit Cards, Cyber Security, Hardware, Identity Management, Security",
Series A - SecurityAdvisor,https://www.crunchbase.com/funding_round/securityadvisor-series-a--32267ff1,"Sunnyvale, California, United States, North America",SecurityAdvisor,https://www.crunchbase.com/organization/securityadvisor,Series A,7300000,USD,7300000,2021-02-02,"Cloud Security, Cyber Security, SaaS",ClearSky
Series A - Invincea,https://www.crunchbase.com/funding_round/invincea-series-a--4f6daadd,"Fairfax, Virginia, United States, North America",Invincea,https://www.crunchbase.com/organization/invincea,Series A,7300000,USD,7300000,2009-03-12,"Cyber Security, Enterprise Software, Information Technology, Internet, Security, Software",
Series A - ShieldIOT,https://www.crunchbase.com/funding_round/shieldiot-series-a--6e9e203f,"Herzliya, Tel Aviv, Israel, Asia",ShieldIOT,https://www.crunchbase.com/organization/shieldiot,Series A,7400000,USD,7400000,2021-11-19,"Cyber Security, Internet of Things, Software","Bloc Ventures, NextLeap Ventures"
Series A - Deep Sentinel,https://www.crunchbase.com/funding_round/deep-sentinel-series-a--61f5edbf,"Pleasanton, California, United States, North America",Deep Sentinel,https://www.crunchbase.com/organization/deep-sentinel,Series A,7400000,USD,7400000,2017-04-28,"Cyber Security, E-Commerce, Home Improvement, Home Services, Software",Shasta Ventures
Series A - Flare,https://www.crunchbase.com/funding_round/flare-systems-series-a--43702105,"Montréal, Quebec, Canada, North America",Flare,https://www.crunchbase.com/organization/flare-systems,Series A,9500000,CAD,7478607,2022-06-09,"Artificial Intelligence (AI), Cyber Security, Information Technology",Inovia Capital
Series A - Virsec,https://www.crunchbase.com/funding_round/virsec-systems-3-series-a--bc766529,"San Jose, California, United States, North America",Virsec,https://www.crunchbase.com/organization/virsec-systems-3,Series A,7488210,USD,7488210,2015-03-09,"Cloud Security, Cyber Security, Security, Software",Artiman Ventures
Series A - LogicGate,https://www.crunchbase.com/funding_round/logicgate-series-a--9093bb30,"Chicago, Illinois, United States, North America",LogicGate,https://www.crunchbase.com/organization/logicgate,Series A,7500000,USD,7500000,2018-07-24,"Compliance, Cyber Security, Enterprise Software, Risk Management, SaaS, Software",Jump Capital
Series A - Expel,https://www.crunchbase.com/funding_round/expel-series-a--cacdb751,"Herndon, Virginia, United States, North America",Expel,https://www.crunchbase.com/organization/expel,Series A,7500000,USD,7500000,2016-09-12,"Cloud Security, Cyber Security, Network Security, SaaS",Paladin Capital Group
Series A - Scalarr,https://www.crunchbase.com/funding_round/scalarr-series-a--69c659e2,"Dover, Delaware, United States, North America",Scalarr,https://www.crunchbase.com/organization/scalarr,Series A,7500000,USD,7500000,2021-02-11,"Analytics, Artificial Intelligence (AI), Big Data, Cyber Security, Fraud Detection, Machine Learning, Mobile Advertising, Security, Software",EBRD Venture Capital
Series A - Cymulate,https://www.crunchbase.com/funding_round/cymulate-series-a--f926eb02,"Holon, Tel Aviv, Israel, Asia",Cymulate,https://www.crunchbase.com/organization/cymulate,Series A,7500000,USD,7500000,2019-03-13,"Computer, Cyber Security, Information Services, Information Technology, Network Security, SaaS","Dell Technologies Capital, Vertex Ventures"
Series A - Bluelava,https://www.crunchbase.com/funding_round/bluelava-series-a--7b012fbc,"Menlo Park, California, United States, North America",Bluelava,https://www.crunchbase.com/organization/bluelava,Series A,7500000,USD,7500000,2021-11-30,"Cyber Security, Information Technology, Network Security, Software",Crosslink Capital
Series A - Nozomi Networks,https://www.crunchbase.com/funding_round/nozomi-networks-series-a--155cb084,"San Francisco, California, United States, North America",Nozomi Networks,https://www.crunchbase.com/organization/nozomi-networks,Series A,7500000,USD,7500000,2016-10-24,"Cyber Security, Information Technology, Internet of Things, Network Security","Lux Capital, Notable Capital"
Series A - Lumu,https://www.crunchbase.com/funding_round/lumu-series-a--9ce0dee8,"Doral, Florida, United States, North America",Lumu,https://www.crunchbase.com/organization/lumu,Series A,7500000,USD,7500000,2021-03-10,"Business Intelligence, Cyber Security, Network Security, Productivity Tools, Software","BIP Ventures, Open Opportunity Fund"
Series A - Minerva Labs,https://www.crunchbase.com/funding_round/minerva-labs-series-a--718456ac,"Tel Aviv, Tel Aviv, Israel, Asia",Minerva Labs,https://www.crunchbase.com/organization/minerva-labs,Series A,7500000,USD,7500000,2017-06-07,"Cyber Security, Network Security, Security",Amplify Partners
Series A - Synack,https://www.crunchbase.com/funding_round/synack-series-a--1a2cbf2b,"Redwood City, California, United States, North America",Synack,https://www.crunchbase.com/organization/synack,Series A,7500000,USD,7500000,2014-04-24,"Artificial Intelligence (AI), Cyber Security, Network Security, Security",Kleiner Perkins
Series A - Black Kite,https://www.crunchbase.com/funding_round/normshield-series-a--3b51c010,"Boston, Massachusetts, United States, North America",Black Kite,https://www.crunchbase.com/organization/normshield,Series A,7500000,USD,7500000,2020-10-06,"Cyber Security, Risk Management, SaaS, Software",Moore Strategic Ventures
Series A - IntSights,https://www.crunchbase.com/funding_round/intsights-series-a--ec3a83d1,"New York, New York, United States, North America",IntSights,https://www.crunchbase.com/organization/intsights,Series A,7500000,USD,7500000,2016-08-30,"Analytics, Artificial Intelligence (AI), Cyber Security, Enterprise Software, Security",Blumberg Capital
Series A - Veracode,https://www.crunchbase.com/funding_round/veracode-series-a--b01ddb9f,"Burlington, Massachusetts, United States, North America",Veracode,https://www.crunchbase.com/organization/veracode,Series A,7500000,USD,7500000,2006-03-01,"Cyber Security, Enterprise Applications, Mobile, Security, Software",
Series A - ID.me,https://www.crunchbase.com/funding_round/id-me-series-a--16b39ee8,"Mclean, Virginia, United States, North America",ID.me,https://www.crunchbase.com/organization/id-me,Series A,7500000,USD,7500000,2014-04-08,"Cloud Data Services, Cyber Security, Fraud Detection, Identity Management, Information Technology, Loyalty Programs, Privacy, Software",
Series A - Probely,https://www.crunchbase.com/funding_round/probe-ly-series-a--63a4c653,"Lisboa, Lisboa, Portugal, Europe",Probely,https://www.crunchbase.com/organization/probe-ly,Series A,7700000,EUR,7520883,2022-10-13,"Cyber Security, Enterprise Applications, Information Technology, Internet, Software, Web Apps","Iberis Capital, Semapa Next, TIN Capital"
Series A - EAGLYS,https://www.crunchbase.com/funding_round/eaglys-series-a--ad9e6f79,"Tokyo, Tokyo, Japan, Asia",EAGLYS,https://www.crunchbase.com/organization/eaglys,Series A,800000000,JPY,7592030,2021-02-15,"Artificial Intelligence (AI), Cloud Security, Cyber Security, Machine Learning, Marketing, Security",
Series A - Guanan Information,https://www.crunchbase.com/funding_round/guanan-information-series-a--e1d912d3,"Jiading, Shanghai, China, Asia",Guanan Information,https://www.crunchbase.com/organization/guanan-information,Series A,50000000,CNY,7593983,2017-09-19,"Big Data, Cloud Security, Cyber Security, Information Technology, Network Security",
Series A - Esper,https://www.crunchbase.com/funding_round/esper-9f13-series-a--3d6059eb,"Bellevue, Washington, United States, North America",Esper,https://www.crunchbase.com/organization/esper-9f13,Series A,7600000,USD,7600000,2020-02-13,"Application Performance Management, Cyber Security, Developer Platform, DevOps, Enterprise Applications, Mobile Devices, Security",Madrona
Series A - Ekinops,https://www.crunchbase.com/funding_round/ekinops-series-a--b280c769,"Lannion, Bretagne, France, Europe",Ekinops,https://www.crunchbase.com/organization/ekinops,Series A,7000000,EUR,7632764,2003-04-01,"Cyber Security, Hardware, Information Technology, Internet, ISP, Optical Communication, Software, Telecommunications",
Series A - Risk Ledger,https://www.crunchbase.com/funding_round/risk-ledger-series-a--d57a789f,"London, England, United Kingdom, Europe",Risk Ledger,https://www.crunchbase.com/organization/risk-ledger,Series A,6250000,GBP,7681936,2023-11-07,"Cyber Security, Network Security, Procurement, Risk Management, Supply Chain Management",Mercia Ventures
Series A - CybSafe,https://www.crunchbase.com/funding_round/cybsafe-series-a--e90f9b0a,"London, England, United Kingdom, Europe",CybSafe,https://www.crunchbase.com/organization/cybsafe,Series A,5600000,GBP,7685773,2021-01-28,"Analytics, Cyber Security, Network Security, Software",IQ Capital
Series A - CertiK,https://www.crunchbase.com/funding_round/certik-series-a--ed15ea35,"New York, New York, United States, North America",CertiK,https://www.crunchbase.com/organization/certik,Series A,7700000,USD,7700000,2020-06-03,"Blockchain, Cyber Security, Software, Web3",IDG Capital
Series A - Veriff,https://www.crunchbase.com/funding_round/veriff-series-a--d904eef8,"Tallinn, Harjumaa, Estonia, Europe",Veriff,https://www.crunchbase.com/organization/veriff,Series A,7700000,USD,7700000,2018-06-19,"Artificial Intelligence (AI), Cyber Security, Fraud Detection, Identity Management, Information Technology",Mosaic Ventures
Series A - C2A Security,https://www.crunchbase.com/funding_round/c2a-security-series-a--a8e82ac2,"Jerusalem, Yerushalayim, Israel, Asia",C2A Security,https://www.crunchbase.com/organization/c2a-security,Series A,7700000,USD,7700000,2020-01-01,"Automotive, Cyber Security",
Series A - CyberVadis,https://www.crunchbase.com/funding_round/cybervadis-series-a--b17029d3,"Paris, Ile-de-France, France, Europe",CyberVadis,https://www.crunchbase.com/organization/cybervadis,Series A,7000000,EUR,7747948,2023-05-03,"Cyber Security, Information Technology, Software",Zobito
Series A - Wultra,https://www.crunchbase.com/funding_round/wultra-series-a--465cf70e,"Praha, Hlavni mesto Praha, Czech Republic, Europe",Wultra,https://www.crunchbase.com/organization/wultra,Series A,6800000,EUR,7757191,2026-06-29,"Banking, Cyber Security, Finance, FinTech, Identity Management, Information Technology, Security, Software",Seventure Partners
Series A - Censinet,https://www.crunchbase.com/funding_round/censinet-series-a--137ea0d4,"Boston, Massachusetts, United States, North America",Censinet,https://www.crunchbase.com/organization/censinet,Series A,7800000,USD,7800000,2019-04-22,"Cyber Security, Health Care, Risk Management, SaaS","Cedars Sinai, HLM Venture Partners"
Series A - IDsManager,https://www.crunchbase.com/funding_round/idsmanager-series-a--dc0c242b,"Beijing, Beijing, China, Asia",IDsManager,https://www.crunchbase.com/organization/idsmanager,Series A,50050000,CNY,7817830,2018-06-11,"Cloud Computing, Cyber Security, Mobile Apps",Qiming Venture Partners
Series A - Zyraz Technology,https://www.crunchbase.com/funding_round/zyraz-technology-series-a--e949f077,"Damansara New Village, Kuala Lumpur, Malaysia, Asia",Zyraz Technology,https://www.crunchbase.com/organization/zyraz-technology,Series A,5000000,GBP,7965703,2009-10-09,"Cyber Security, Financial Services, FinTech, Food and Beverage, Pharmaceutical",
Series A - Quantum Bridge,https://www.crunchbase.com/funding_round/quantum-bridge-28c4-series-a--1c504fd0,"Toronto, Ontario, Canada, North America",Quantum Bridge,https://www.crunchbase.com/organization/quantum-bridge-28c4,Series A,8000000,USD,8000000,2026-05-20,"Cyber Security, Internet, Network Security, Security, Service Industry",Primo Capital
Series A - Upfort,https://www.crunchbase.com/funding_round/paladin-cyber-series-a--00f8c007,"San Francisco, California, United States, North America",Upfort,https://www.crunchbase.com/organization/paladin-cyber,Series A,8000000,USD,8000000,2023-10-26,"Cyber Security, Insurance, InsurTech, Network Security, Security",SYN Ventures
Series A - prevoty,https://www.crunchbase.com/funding_round/prevoty-e4a6-series-a--3ab91268,"Marina Del Rey, California, United States, North America",prevoty,https://www.crunchbase.com/organization/prevoty-e4a6,Series A,8000000,USD,8000000,2015-03-11,"Cloud Security, Cyber Security, Developer Tools, DevOps, Information Technology, Network Security, Security, Software",U.S. Venture Partners
Series A - Fingerprint,https://www.crunchbase.com/funding_round/fingerprintjs-series-a--2e78fa39,"Chicago, Illinois, United States, North America",Fingerprint,https://www.crunchbase.com/organization/fingerprintjs,Series A,8000000,USD,8000000,2021-02-11,"Cyber Security, Fraud Detection, Software",Nexus Venture Partners
Series A - Fortanix,https://www.crunchbase.com/funding_round/fortanix-series-a--a00cca37,"Mountain View, California, United States, North America",Fortanix,https://www.crunchbase.com/organization/fortanix,Series A,8000000,USD,8000000,2017-06-14,"Computer, Cyber Security, Privacy, SaaS, Security",
Series A - Area 1 Security,https://www.crunchbase.com/funding_round/area-1-security-series-a--4d7e78d6,"Redwood City, California, United States, North America",Area 1 Security,https://www.crunchbase.com/organization/area-1-security,Series A,8000000,USD,8000000,2014-12-10,"Cyber Security, Network Security, Security",Kleiner Perkins
Series A - Impermium,https://www.crunchbase.com/funding_round/impermium-series-a--163e8162,"Redwood City, California, United States, North America",Impermium,https://www.crunchbase.com/organization/impermium,Series A,8000000,USD,8000000,2011-11-17,"Artificial Intelligence (AI), Cyber Security, Security, Service Industry",Highland Capital Partners
Series A - Illumio,https://www.crunchbase.com/funding_round/illumio-series-a--4cadee31,"Sunnyvale, California, United States, North America",Illumio,https://www.crunchbase.com/organization/illumio,Series A,8000000,USD,8000000,2013-02-12,"Cloud Security, Cyber Security, Data Center, SaaS, Security",Andreessen Horowitz
Series A - Permit.io,https://www.crunchbase.com/funding_round/permit-io-series-a--23606ea6,"Tel Aviv, Tel Aviv, Israel, Asia",Permit.io,https://www.crunchbase.com/organization/permit-io,Series A,8000000,USD,8000000,2024-02-15,"Cyber Security, Developer APIs, Developer Tools, SaaS, Software","NFX, Scale Venture Partners"
Series A - Strike Graph,https://www.crunchbase.com/funding_round/strike-graph-series-a--32fdbc56,"Seattle, Washington, United States, North America",Strike Graph,https://www.crunchbase.com/organization/strike-graph,Series A,8000000,USD,8000000,2021-09-14,"Artificial Intelligence (AI), Compliance, Cyber Security, SaaS",Information Venture Partners
Series A - Skycure,https://www.crunchbase.com/funding_round/skycure-series-a--b96d56fb,"Palo Alto, California, United States, North America",Skycure,https://www.crunchbase.com/organization/skycure,Series A,8000000,USD,8000000,2015-03-24,"Cyber Security, Mobile, Network Security, Security",Shasta Ventures
Series A - AirEye,https://www.crunchbase.com/funding_round/aireye-series-a--4a3ff2d8,"Tel Aviv, Tel Aviv, Israel, Asia",AirEye,https://www.crunchbase.com/organization/aireye,Series A,8000000,USD,8000000,2021-04-22,"Cyber Security, Information Technology, Network Security, SaaS",U.S. Venture Partners
Series A - Cydome,https://www.crunchbase.com/funding_round/cydome-series-a--51d05a1e,"London, England, United Kingdom, Europe",Cydome,https://www.crunchbase.com/organization/cydome,Series A,8000000,USD,8000000,2023-09-01,"Big Data, Compliance, Cyber Security, Energy, GPS, Intrusion Detection, Oil and Gas, Ports and Harbors, Risk Management, Shipping",2.0 Ventures
Series A - Sequretek,https://www.crunchbase.com/funding_round/sequretek-series-a--7080cfab,"Woodbridge, New Jersey, United States, North America",Sequretek,https://www.crunchbase.com/organization/sequretek,Series A,8000000,USD,8000000,2023-11-07,"Cloud Security, Cyber Security, Identity Management, Intrusion Detection, Security",Omidyar Network India
Series A - RedLock,https://www.crunchbase.com/funding_round/redlock-series-a--654991b1,"Menlo Park, California, United States, North America",RedLock,https://www.crunchbase.com/organization/redlock,Series A,8000000,USD,8000000,2017-03-27,"Cloud Data Services, Cyber Security, Enterprise Software, Network Security, Software","Dell Technologies Capital, Sierra Ventures, Storm Ventures"
Series A - Dellfer,https://www.crunchbase.com/funding_round/dellfer-series-a--843d7051,"San Mateo, California, United States, North America",Dellfer,https://www.crunchbase.com/organization/dellfer,Series A,8000000,USD,8000000,2021-10-19,"Cyber Security, DevOps, Internet of Things, Software","DENSO Ventures, Option3Ventures"
Series A - Hexadite,https://www.crunchbase.com/funding_round/hexadite-series-a--567323c1,"Boston, Massachusetts, United States, North America",Hexadite,https://www.crunchbase.com/organization/hexadite,Series A,8000000,USD,8000000,2016-02-10,"Computer, Cyber Security, Network Security, Security","Hewlett Packard Pathfinder, Ten Eleven Ventures"
Series A - Lacoon Mobile Security,https://www.crunchbase.com/funding_round/lacoon-security-series-a--216bfb9d,"San Francisco, California, United States, North America",Lacoon Mobile Security,https://www.crunchbase.com/organization/lacoon-security,Series A,8000000,USD,8000000,2013-10-15,"Cyber Security, Security, Software",Index Ventures
Series A - BlastWave,https://www.crunchbase.com/funding_round/blastwave-series-a--b0e05d83,"Mountain View, California, United States, North America",BlastWave,https://www.crunchbase.com/organization/blastwave,Series A,8000000,USD,8000000,2018-10-15,"Cyber Security, Network Security, Security",Rocket Strategies Inc.
Series A - SecuredTouch,https://www.crunchbase.com/funding_round/securedtouch-series-a--9e9ee37f,"Palo Alto, California, United States, North America",SecuredTouch,https://www.crunchbase.com/organization/securedtouch,Series A,8000000,USD,8000000,2018-04-23,"Biometrics, Cyber Security, FinTech, Fraud Detection, Mobile Payments, Risk Management, Software",Arvato Bertelsmann
Series A - GK8 by Galaxy,https://www.crunchbase.com/funding_round/gk8-series-a--28a70ca2,"Tel Aviv, Tel Aviv, Israel, Asia",GK8 by Galaxy,https://www.crunchbase.com/organization/gk8,Series A,8000000,USD,8000000,2020-10-01,"Asset Management, Blockchain, Cyber Security, Financial Services, Software",IN Venture
Series A - Balabit,https://www.crunchbase.com/funding_round/balabit-it-security-series-a--1bc86e37,"Budapest, Budapest, Hungary, Europe",Balabit,https://www.crunchbase.com/organization/balabit-it-security,Series A,8000000,USD,8000000,2014-06-18,"Cyber Security, Software",C5 Capital
Series A - Bricata,https://www.crunchbase.com/funding_round/bricata-series-a--e780d757,"Columbia, Maryland, United States, North America",Bricata,https://www.crunchbase.com/organization/bricata,Series A,8000000,USD,8000000,2017-07-25,"Analytics, Cloud Security, Computer, Cyber Security, Intrusion Detection, Network Security, Security",Edison Partners
Series A - Lumu,https://www.crunchbase.com/funding_round/lumu-series-a--7dbc6d8b,"Doral, Florida, United States, North America",Lumu,https://www.crunchbase.com/organization/lumu,Series A,8000000,USD,8000000,2022-08-04,"Business Intelligence, Cyber Security, Network Security, Productivity Tools, Software",BIP Ventures
Series A - Kolide,https://www.crunchbase.com/funding_round/kolide-series-a--3c27c776,"Boston, Massachusetts, United States, North America",Kolide,https://www.crunchbase.com/organization/kolide,Series A,8000000,USD,8000000,2018-04-16,"Cloud Security, Cyber Security, Enterprise Software, Information Technology, SaaS, Software",Matrix
Series A - Zimperium,https://www.crunchbase.com/funding_round/zimperium-series-a--a0171a08,"Dallas, Texas, United States, North America",Zimperium,https://www.crunchbase.com/organization/zimperium,Series A,8000000,USD,8000000,2013-10-01,"Apps, Cyber Security, Enterprise Software, Network Security, Security",Sierra Ventures
Series A - Lacework,https://www.crunchbase.com/funding_round/lacework-series-a--cfa74ff3,"Mountain View, California, United States, North America",Lacework,https://www.crunchbase.com/organization/lacework,Series A,8000000,USD,8000000,2015-05-25,"Cloud Security, Compliance, Cyber Security, Developer Tools, Software",Sutter Hill Ventures
Series A - Elevate Security,https://www.crunchbase.com/funding_round/elevate-security-series-a--43a8dc99,"Berkeley, California, United States, North America",Elevate Security,https://www.crunchbase.com/organization/elevate-security,Series A,8000000,USD,8000000,2019-02-13,"Computer, Cyber Security, Network Security, Security, Software",Defy.vc
Series A - Digital Shadows,https://www.crunchbase.com/funding_round/digital-shadows-series-a--ca618ceb,"San Francisco, California, United States, North America",Digital Shadows,https://www.crunchbase.com/organization/digital-shadows,Series A,8000000,USD,8000000,2015-02-11,"Cyber Security, Network Security, Risk Management, Software",Storm Ventures
Series A - Preempt Security,https://www.crunchbase.com/funding_round/preempt-security-series-a--117f938b,"San Francisco, California, United States, North America",Preempt Security,https://www.crunchbase.com/organization/preempt-security,Series A,8000000,USD,8000000,2016-04-21,"Cyber Security, Network Security, Security",General Catalyst
Series A - Namogoo,https://www.crunchbase.com/funding_round/namogoo-series-a--c1ae9c67,"Herzliya, Tel Aviv, Israel, Asia",Namogoo,https://www.crunchbase.com/organization/namogoo,Series A,8000000,USD,8000000,2017-08-01,"Big Data, Cyber Security, E-Commerce, Network Security, Privacy",GreatPoint Ventures
Series A - PlainID,https://www.crunchbase.com/funding_round/plainid-series-a--1a65553a,"Tel Aviv, Tel Aviv, Israel, Asia",PlainID,https://www.crunchbase.com/organization/plainid,Series A,8000000,USD,8000000,2020-12-16,"Business Intelligence, Compliance, Cyber Security, Generative AI, Identity Management, Information Technology",Viola Ventures
Series A - Wallarm,https://www.crunchbase.com/funding_round/wallarm-series-a--5db47e19,"San Francisco, California, United States, North America",Wallarm,https://www.crunchbase.com/organization/wallarm,Series A,8000000,USD,8000000,2018-10-22,"Artificial Intelligence (AI), Cyber Security, Fraud Detection, Risk Management, SaaS",Toba Capital
Series A - Contrast Security,https://www.crunchbase.com/funding_round/contrast-security-series-a--2cd9160b,"Los Altos, California, United States, North America",Contrast Security,https://www.crunchbase.com/organization/contrast-security,Series A,8000000,USD,8000000,2014-06-25,"Cloud Security, Cyber Security, Developer Tools, Enterprise Applications, Security, Software",Acero Capital
Series A - Perception Point,https://www.crunchbase.com/funding_round/perception-point-series-a--4817ba4c,"Tel Aviv, Tel Aviv, Israel, Asia",Perception Point,https://www.crunchbase.com/organization/perception-point,Series A,8000000,USD,8000000,2018-02-13,"Cyber Security, Information Technology, Network Security, Security",Pitango VC
Series A - KnowBe4,https://www.crunchbase.com/funding_round/knowbe4-llc-series-a--9e971ff5,"Clearwater, Florida, United States, North America",KnowBe4,https://www.crunchbase.com/organization/knowbe4-llc,Series A,8000000,USD,8000000,2016-02-01,"Computer, Cyber Security, Network Security, Security, Software",Elephant
Series A - Trusona,https://www.crunchbase.com/funding_round/trusona-series-a--5ada9f25,"Scottsdale, Arizona, United States, North America",Trusona,https://www.crunchbase.com/organization/trusona,Series A,8000000,USD,8000000,2016-02-22,"Cyber Security, Information Services, Information Technology, Internet",Kleiner Perkins
Series A - Immersive,https://www.crunchbase.com/funding_round/immersive-labs-2-series-a--5cf671b9,"Bristol, Bristol, United Kingdom, Europe",Immersive,https://www.crunchbase.com/organization/immersive-labs-2,Series A,8000000,USD,8000000,2019-01-14,"Cyber Security, Developer Platform, Developer Tools, Network Security",Goldman Sachs
Series A - Cequence Security,https://www.crunchbase.com/funding_round/cequence-security-series-a--e68e6718,"Santa Clara, California, United States, North America",Cequence Security,https://www.crunchbase.com/organization/cequence-security,Series A,8000000,USD,8000000,2018-02-14,"App Discovery, Artificial Intelligence (AI), Cloud Security, Cyber Security, Developer APIs, Network Security, Security, Software",Shasta Ventures
Series A - Intezer,https://www.crunchbase.com/funding_round/intezer-series-a--007bfc01,"New York, New York, United States, North America",Intezer,https://www.crunchbase.com/organization/intezer,Series A,8000000,USD,8000000,2017-10-19,"Artificial Intelligence (AI), Cyber Security, Information Technology, Security, Software",Intel Capital
Series A - Qunnect,https://www.crunchbase.com/funding_round/qunnect-series-a--8569ee0d,"New York, New York, United States, North America",Qunnect,https://www.crunchbase.com/organization/qunnect,Series A,8000000,USD,8000000,2022-10-05,"Cyber Security, Information Technology, Optical Communication, Quantum Computing, Telecommunications",Airbus Ventures
Series A - Guardtime,https://www.crunchbase.com/funding_round/guardtime-series-a--ce4d4813,"Tallin, Harjumaa, Estonia, Europe",Guardtime,https://www.crunchbase.com/organization/guardtime,Series A,8000000,USD,8000000,2010-05-25,"Blockchain, Cryptocurrency, Cyber Security, Network Security",
Series A - CoreTrace,https://www.crunchbase.com/funding_round/coretrace-series-a--b8e33638,"Austin, Texas, United States, North America",CoreTrace,https://www.crunchbase.com/organization/coretrace,Series A,8020000,USD,8020000,2007-11-09,"Cyber Security, Enterprise, Enterprise Software, Information Technology, Security","Covera Ventures, Venrock"
Series A - Private AI,https://www.crunchbase.com/funding_round/private-ai-series-a--71858187,"Toronto, Ontario, Canada, North America",Private AI,https://www.crunchbase.com/organization/private-ai,Series A,10700000,CAD,8030212,2022-11-17,"Artificial Intelligence (AI), Cloud Data Services, Cloud Security, Cyber Security, Data Governance, Machine Learning, Natural Language Processing, Security, Software",BDC Venture Capital
Series A - Saporo,https://www.crunchbase.com/funding_round/saporo-series-a--4658f56a,"Lausanne, Vaud, Switzerland, Europe",Saporo,https://www.crunchbase.com/organization/saporo,Series A,7000000,EUR,8119858,2025-11-27,Cyber Security,TIN Capital
Series A - Onlayer,https://www.crunchbase.com/funding_round/pci-checklist-series-a--8a6365bf,"Ankara, Ankara, Turkey, Europe",Onlayer,https://www.crunchbase.com/organization/pci-checklist,Series A,8200000,USD,8200000,2025-11-19,"Artificial Intelligence (AI), Business Intelligence, Cyber Security, Financial Services, Fraud Detection, Information Technology, Payments",Oleka Capital
Series A - ThreatX,https://www.crunchbase.com/funding_round/threat-x-series-a--96445a96,"Boston, Massachusetts, United States, North America",ThreatX,https://www.crunchbase.com/organization/threat-x,Series A,8200000,USD,8200000,2018-04-04,"Analytics, Cyber Security, Information Technology, SaaS, Security","Access Venture Partners, Grotech Ventures"
Series A - Veriflow,https://www.crunchbase.com/funding_round/veriflow-systems-series-a--d3ce5b36,"San Jose, California, United States, North America",Veriflow,https://www.crunchbase.com/organization/veriflow-systems,Series A,8200000,USD,8200000,2016-07-06,"Cyber Security, Information Technology, Network Security, Predictive Analytics",Menlo Ventures
Series A - CYR3CON,https://www.crunchbase.com/funding_round/cyr3con-series-a--667563b4,"Tempe, Arizona, United States, North America",CYR3CON,https://www.crunchbase.com/organization/cyr3con,Series A,8200000,USD,8200000,2020-07-14,"Artificial Intelligence (AI), Cyber Security, Information Technology, Software",Pivotal Group
Series A - Attivo Networks,https://www.crunchbase.com/funding_round/attivo-networks-series-a--81748d33,"Fremont, California, United States, North America",Attivo Networks,https://www.crunchbase.com/organization/attivo-networks,Series A,8239378,USD,8239378,2015-04-16,"Computer, Cyber Security, Network Security, Software",Bain Capital Ventures
Series A - Elevate Security,https://www.crunchbase.com/funding_round/elevate-security-series-a--141bd27c,"Berkeley, California, United States, North America",Elevate Security,https://www.crunchbase.com/organization/elevate-security,Series A,8250000,USD,8250000,2020-09-29,"Computer, Cyber Security, Network Security, Security, Software",Foundry Group
Series A - Averon,https://www.crunchbase.com/funding_round/averon-series-a--0857c286,"San Francisco, California, United States, North America",Averon,https://www.crunchbase.com/organization/averon,Series A,8300000,USD,8300000,2017-10-23,"Cyber Security, Enterprise Software, Mobile, Ride Sharing, Security",Avalon Ventures
Series A - Venari Security,https://www.crunchbase.com/funding_round/venari-series-a--62e7310c,"London, England, United Kingdom, Europe",Venari Security,https://www.crunchbase.com/organization/venari,Series A,6000000,GBP,8335070,2021-08-02,"Compliance, Cyber Security, Risk Management, Software",
Series A - interos.ai,https://www.crunchbase.com/funding_round/interos-series-a--bd1957f9,"Arlington, Virginia, United States, North America",interos.ai,https://www.crunchbase.com/organization/interos,Series A,8350000,USD,8350000,2019-01-01,"Artificial Intelligence (AI), Cyber Security, Geospatial, Machine Learning, Risk Management, SaaS, Supply Chain Management",Kleiner Perkins
Series A - Exonar,https://www.crunchbase.com/funding_round/exonar-ltd-series-a--4ee2c93d,"Reading, Reading, United Kingdom, Europe",Exonar,https://www.crunchbase.com/organization/exonar-ltd,Series A,6500000,GBP,8378912,2019-01-21,"Cyber Security, Information Services, Information Technology, Software","Beringea, Downing Ventures"
Series A - LogicHub,https://www.crunchbase.com/funding_round/logichub-series-a--920ae1d5,"Mountain View, California, United States, North America",LogicHub,https://www.crunchbase.com/organization/logichub,Series A,8400000,USD,8400000,2017-02-01,"Artificial Intelligence (AI), Cyber Security, Network Security, SaaS, Security","Nexus Venture Partners, Storm Ventures"
Series A - Core6,https://www.crunchbase.com/funding_round/core6-series-a--321ac2db,"New York, New York, United States, North America",Core6,https://www.crunchbase.com/organization/core6,Series A,8400000,USD,8400000,2005-09-01,"Cloud Security, Cyber Security, Data Management, Data Storage, Flash Storage, Information Technology, IT Infrastructure, Risk Management, Security, Software",Giza Venture Capital
Series A - BrightPoint Security,https://www.crunchbase.com/funding_round/vorstack-corporation-series-a--1ae57f34,"San Mateo, California, United States, North America",BrightPoint Security,https://www.crunchbase.com/organization/vorstack-corporation,Series A,8400000,USD,8400000,2014-04-29,"Analytics, Cloud Computing, Cyber Security, Security, Software",TechOperators Venture Capital
Series A - OnPath Technologies,https://www.crunchbase.com/funding_round/onpath-technologies-series-a--00006645,"Marlton, New Jersey, United States, North America",OnPath Technologies,https://www.crunchbase.com/organization/onpath-technologies,Series A,8500000,USD,8500000,2007-03-17,"Cyber Security, Enterprise Software, Hardware, Software",
Series A - Arcjet,https://www.crunchbase.com/funding_round/arcjet-series-a--b572f694,"San Francisco, California, United States, North America",Arcjet,https://www.crunchbase.com/organization/arcjet,Series A,8500000,USD,8500000,2025-10-08,"Artificial Intelligence (AI), Cyber Security, Developer Tools, Infrastructure, Security","Ott Kaukver, Plural Platform"
Series A - Liminal,https://www.crunchbase.com/funding_round/one-world-identity-series-a--b61e6c20,"New York, New York, United States, North America",Liminal,https://www.crunchbase.com/organization/one-world-identity,Series A,8500000,USD,8500000,2025-04-10,"Artificial Intelligence (AI), Compliance, Cyber Security, Fraud Detection, Generative AI, Risk Management",Noro-Moseley Partners
Series A - Braintrace,https://www.crunchbase.com/funding_round/braintrace-series-a--aa675608,"Salt Lake City, Utah, United States, North America",Braintrace,https://www.crunchbase.com/organization/braintrace,Series A,8500000,USD,8500000,2019-03-01,"Cyber Security, Network Security",EPIC Ventures
Series A - SpecterOps,https://www.crunchbase.com/funding_round/specterops-series-a--8694d07d,"Alexandria, Virginia, United States, North America",SpecterOps,https://www.crunchbase.com/organization/specterops,Series A,8500000,USD,8500000,2023-07-11,"Cyber Security, Information Technology, Network Security, Training",Ballistic Ventures
Series A - WholeSecurity,https://www.crunchbase.com/funding_round/wholesecurity-series-a--53043be0,"Austin, Texas, United States, North America",WholeSecurity,https://www.crunchbase.com/organization/wholesecurity,Series A,8500000,USD,8500000,2003-01-01,"Cyber Security, Security, Software",
Series A - QuoIntelligence,https://www.crunchbase.com/funding_round/quointelligence-series-a--00c2bf18,"Frankfurt, Hessen, Germany, Europe",QuoIntelligence,https://www.crunchbase.com/organization/quointelligence,Series A,7300000,EUR,8557910,2026-04-27,"Artificial Intelligence (AI), Compliance, Cyber Security, Enterprise Software, Machine Learning, Risk Management, SaaS","BM H Beteiligungs-Managementgesellschaft Hessen, Elevator Ventures"
Series A - Procenne,https://www.crunchbase.com/funding_round/procenne-series-a--7d0b035b,"Istanbul, Istanbul, Turkey, Europe",Procenne,https://www.crunchbase.com/organization/procenne,Series A,8588739,USD,8588739,2022-08-24,"Cyber Security, Hardware, Network Security, Security",Turkcell
Series A - PeerNova,https://www.crunchbase.com/funding_round/peernova-series-a--961bc03c,"San Jose, California, United States, North America",PeerNova,https://www.crunchbase.com/organization/peernova,Series A,8600000,USD,8600000,2014-12-17,"Analytics, Big Data, CRM, Cyber Security, FinTech, Privacy, SaaS, Software",Mosaik Partners
Series A - Balbix,https://www.crunchbase.com/funding_round/balbix-series-a--dab95ed3,"San Jose, California, United States, North America",Balbix,https://www.crunchbase.com/organization/balbix,Series A,8600000,USD,8600000,2017-06-06,"Artificial Intelligence (AI), Cloud Security, Cyber Security, Network Security",Mayfield Fund
Series A - Mission Secure,https://www.crunchbase.com/funding_round/mission-secure-series-a--18d064a8,"Charlottesville, Virginia, United States, North America",Mission Secure,https://www.crunchbase.com/organization/mission-secure,Series A,8646000,USD,8646000,2018-10-10,"Cyber Security, Hardware","Chevron Technology Ventures, Energy Innovation Capital"
Series A - UpGuard,https://www.crunchbase.com/funding_round/upguard-series-a--6ee04c63,"Mountain View, California, United States, North America",UpGuard,https://www.crunchbase.com/organization/upguard,Series A,8730000,USD,8730000,2014-08-14,"Artificial Intelligence (AI), Cyber Security, Enterprise Software, Risk Management, SaaS, Software",August Capital
Series A - Eclypsium,https://www.crunchbase.com/funding_round/eclypsium-series-a--5214368b,"Portland, Oregon, United States, North America",Eclypsium,https://www.crunchbase.com/organization/eclypsium,Series A,8750000,USD,8750000,2018-12-04,"Cloud Computing, Cyber Security, Information Technology, Internet, Software",Madrona
Series A - Hackuity,https://www.crunchbase.com/funding_round/hackuity-series-a--93b96bc1,"Lyon, Rhone-Alpes, France, Europe",Hackuity,https://www.crunchbase.com/organization/hackuity,Series A,8000000,EUR,8773998,2022-03-15,"Cyber Security, Information Technology, SaaS, Software",Bright Pixel Capital
Series A - Protectt.ai,https://www.crunchbase.com/funding_round/protectt-ai-series-a--389f0824,"Gurugram, Haryana, India, Asia",Protectt.ai,https://www.crunchbase.com/organization/protectt-ai,Series A,760000000,INR,8778440,2025-03-18,"Cyber Security, Information Technology, Software",Bessemer Venture Partners
Series A - Verisoul,https://www.crunchbase.com/funding_round/verisoul-series-a--ac96037b,"Austin, Texas, United States, North America",Verisoul,https://www.crunchbase.com/organization/verisoul,Series A,8800000,USD,8800000,2025-12-16,"Artificial Intelligence (AI), B2B, Cyber Security, Fraud Detection, Identity Management, SaaS",High Alpha
Series A - Evident,https://www.crunchbase.com/funding_round/evident-id-series-a--cbfd955e,"Atlanta, Georgia, United States, North America",Evident,https://www.crunchbase.com/organization/evident-id,Series A,8800000,USD,8800000,2017-09-19,"Compliance, Cyber Security, Identity Management, Risk Management, Security, Software, Supply Chain Management",New Enterprise Associates
Series A - AttackIQ,https://www.crunchbase.com/funding_round/attackiq-series-a--134e42fa,"Los Altos, California, United States, North America",AttackIQ,https://www.crunchbase.com/organization/attackiq,Series A,8800000,USD,8800000,2016-11-30,"Cyber Security, Network Security, Security, Software",Index Ventures
Series A - Red Sift,https://www.crunchbase.com/funding_round/redsift-series-a--e2ee31ed,"London, England, United Kingdom, Europe",Red Sift,https://www.crunchbase.com/organization/redsift,Series A,8000000,EUR,8836215,2019-09-19,"Big Data, Cyber Security, Email, SaaS",MMC Ventures
Series A - Ennoventure,https://www.crunchbase.com/funding_round/ennoventure-series-a--d73cd89b,"Cambridge, Massachusetts, United States, North America",Ennoventure,https://www.crunchbase.com/organization/ennoventure,Series A,8900000,USD,8900000,2024-11-12,"Artificial Intelligence (AI), Brand Marketing, Cyber Security, SaaS",Tanglin Venture Partners
Series A - Portal26,https://www.crunchbase.com/funding_round/titaniam-series-a--301bf6de,"San Jose, California, United States, North America",Portal26,https://www.crunchbase.com/organization/titaniam,Series A,9000000,USD,9000000,2025-11-04,"Agentic AI, Cyber Security, Data Governance, Enterprise Software, Generative AI, Privacy",Shasta Ventures
Series A - Clarity Security,https://www.crunchbase.com/funding_round/clarity-security-series-a--2c9cb379,"Austin, Texas, United States, North America",Clarity Security,https://www.crunchbase.com/organization/clarity-security,Series A,9000000,USD,9000000,2025-05-20,"Cyber Security, Information Technology, Security, Software",Venture Guides
Series A - ZITADEL,https://www.crunchbase.com/funding_round/zitadel-series-a--c79b9d45,"San Francisco, California, United States, North America",ZITADEL,https://www.crunchbase.com/organization/zitadel,Series A,9000000,USD,9000000,2024-11-20,"Cyber Security, Information Services, Information Technology, Software",Nexus Venture Partners
Series A - Aqua Security,https://www.crunchbase.com/funding_round/aquasecurity-series-a--d8768d53,"Ramat Gan, Tel Aviv, Israel, Asia",Aqua Security,https://www.crunchbase.com/organization/aquasecurity,Series A,9000000,USD,9000000,2016-09-27,"Cloud Security, Cyber Security, Security, Virtualization",M12 - Microsoft's Venture Fund
Series A - Bastille Networks Internet Security,https://www.crunchbase.com/funding_round/bastille-networks-2-series-a--daa36da3,"San Francisco, California, United States, North America",Bastille Networks Internet Security,https://www.crunchbase.com/organization/bastille-networks-2,Series A,9000000,USD,9000000,2015-08-05,"Cyber Security, Internet of Things, Security, Wireless",Bessemer Venture Partners
Series A - Chorology.ai,https://www.crunchbase.com/funding_round/chorology-ai-series-a--d5970982,"San Jose, California, United States, North America",Chorology.ai,https://www.crunchbase.com/organization/chorology-ai,Series A,9000000,USD,9000000,2024-07-10,"Artificial Intelligence (AI), Compliance, Cyber Security, Data Governance",
Series A - CyberX,https://www.crunchbase.com/funding_round/cyberx-series-a--d0e8f150,"Waltham, Massachusetts, United States, North America",CyberX,https://www.crunchbase.com/organization/cyberx,Series A,9000000,USD,9000000,2016-08-01,"Cyber Security, Industrial, Network Security, Security",Flint Capital
Series A - CyberGRX,https://www.crunchbase.com/funding_round/cybergrx-series-a--a652b66d,"Denver, Colorado, United States, North America",CyberGRX,https://www.crunchbase.com/organization/cybergrx,Series A,9000000,USD,9000000,2016-07-14,"Analytics, Big Data, Cloud Security, Cyber Security, Enterprise Software, Information Technology, Network Security, Risk Management, Security, Software, Supply Chain Management",AllegisCyber
Series A - enSilo,https://www.crunchbase.com/funding_round/ensilo-series-a--09081c0f,"San Francisco, California, United States, North America",enSilo,https://www.crunchbase.com/organization/ensilo,Series A,9000000,USD,9000000,2016-02-25,Cyber Security,Rembrandt Venture Partners
Series A - spiderSilk,https://www.crunchbase.com/funding_round/spidersilk-series-a--014f485d,"Dubai, Dubai, United Arab Emirates, Asia",spiderSilk,https://www.crunchbase.com/organization/spidersilk,Series A,9000000,USD,9000000,2023-11-01,Cyber Security,Wa’ed Ventures
Series A - Device Authority,https://www.crunchbase.com/funding_round/cryptosoft-ltd-series-a--9aaca215,"Reading, Reading, United Kingdom, Europe",Device Authority,https://www.crunchbase.com/organization/cryptosoft-ltd,Series A,9000000,USD,9000000,2024-02-07,"Computer, Cyber Security, Information Services, Information Technology, Internet of Things, Network Security, Security, Software",Ten Eleven Ventures
Series A - True I/O,https://www.crunchbase.com/funding_round/total-network-service-series-a--d3729561,"Carlsbad, California, United States, North America",True I/O,https://www.crunchbase.com/organization/total-network-service,Series A,9000000,USD,9000000,2023-01-18,"Blockchain, Cyber Security, Information Technology, Innovation Management, Internet of Things, Smart Contracts, Web3, Web Hosting",Deal Box Ventures
Series A - infiniDome,https://www.crunchbase.com/funding_round/gpsdome-series-a--9c1fb4a7,"Caesarea, Hefa, Israel, Asia",infiniDome,https://www.crunchbase.com/organization/gpsdome,Series A,9000000,USD,9000000,2023-04-24,"Autonomous Vehicles, Cyber Security, Drones, GPS, Homeland Security, Navigation",Hanwha Aerospace
Series A - Instart,https://www.crunchbase.com/funding_round/instart-logic-series-a--113e8bad,"Palo Alto, California, United States, North America",Instart,https://www.crunchbase.com/organization/instart-logic,Series A,9000000,USD,9000000,2012-02-01,"Advertising, Artificial Intelligence (AI), Cloud Computing, Cyber Security, Digital Marketing, Digital Media, Internet, Mobile, Software",
Series A - Zorus,https://www.crunchbase.com/funding_round/zorus-inc-series-a--a53adf5e,"Monroe, Connecticut, United States, North America",Zorus,https://www.crunchbase.com/organization/zorus-inc,Series A,9000000,USD,9000000,2021-12-09,"Cyber Security, Information Technology",Asymmetric Capital Partners
Series A - Tala Security,https://www.crunchbase.com/funding_round/tala-security-series-a--2167c8e4,"Fremont, California, United States, North America",Tala Security,https://www.crunchbase.com/organization/tala-security,Series A,9000000,USD,9000000,2019-06-07,"Cyber Security, Information Technology, Security, Software",TechOperators Venture Capital
Series A - DisruptOps,https://www.crunchbase.com/funding_round/disruptops-series-a--98fa1489,"Kansas City, Missouri, United States, North America",DisruptOps,https://www.crunchbase.com/organization/disruptops,Series A,9000000,USD,9000000,2020-03-10,"Cloud Management, Cyber Security, Information Technology, Productivity Tools, SaaS, Software",Drive Capital
Series A - Rubica,https://www.crunchbase.com/funding_round/rubica-series-a--a34d5ef3,"Seattle, Washington, United States, North America",Rubica,https://www.crunchbase.com/organization/rubica,Series A,9000000,USD,9000000,2018-03-13,"Cyber Security, Mobile Devices, Network Security, Privacy, Security, Small and Medium Businesses, Software",Anonymous Trust
Series A - Perch Security,https://www.crunchbase.com/funding_round/perch-security-series-a--b76cf9df,"Tampa, Florida, United States, North America",Perch Security,https://www.crunchbase.com/organization/perch-security,Series A,9000000,USD,9000000,2018-10-04,"Cyber Security, Information Services, Information Technology, Network Security",Fishtech Labs
Series A - Altitude Networks,https://www.crunchbase.com/funding_round/altitude-networks-series-a--af289547,"San Francisco, California, United States, North America",Altitude Networks,https://www.crunchbase.com/organization/altitude-networks,Series A,9000000,USD,9000000,2019-07-31,"Cloud Security, Collaboration, Cyber Security, Internet, Software",Felicis
Series A - CTERA Networks,https://www.crunchbase.com/funding_round/ctera-networks-series-a--f0f5498b,"Petah Tiqva, HaMerkaz, Israel, Asia",CTERA Networks,https://www.crunchbase.com/organization/ctera-networks,Series A,9000000,USD,9000000,2009-01-06,"Cloud Data Services, Cloud Storage, Cyber Security, Data Storage, Enterprise Software, File Sharing, Information Technology",Benchmark
Series A - HackerOne,https://www.crunchbase.com/funding_round/hackerone-series-a--9692f58c,"San Francisco, California, United States, North America",HackerOne,https://www.crunchbase.com/organization/hackerone,Series A,9000000,USD,9000000,2014-05-29,"Artificial Intelligence (AI), Computer, Cyber Security, Generative AI, Internet, Network Security, Penetration Testing",Benchmark
Series A - Cyvatar.ai,https://www.crunchbase.com/funding_round/cyvatar-ai-inc-series-a--7dda21a3,"Irvine, California, United States, North America",Cyvatar.ai,https://www.crunchbase.com/organization/cyvatar-ai-inc,Series A,9000000,USD,9000000,2021-06-11,"Business Intelligence, Compliance, Cyber Security, Management Consulting, Software",ATX Venture Partners
Series A - Bulletproof,https://www.crunchbase.com/funding_round/bulletproof-series-a--775b6efd,"Seattle, Washington, United States, North America",Bulletproof,https://www.crunchbase.com/organization/bulletproof,Series A,9000000,USD,9000000,2015-06-23,"Consumer Goods, Cyber Security, Dietary Supplements, Food and Beverage, Hospitality",Trinity Ventures
Series A - Upstream Security,https://www.crunchbase.com/funding_round/upstream-security-series-a--ac715057,"Herzliya, Tel Aviv, Israel, Asia",Upstream Security,https://www.crunchbase.com/organization/upstream-security,Series A,9000000,USD,9000000,2017-12-13,"Automotive, Autonomous Vehicles, Cyber Security, Network Security",CRV
Series A - Newfront,https://www.crunchbase.com/funding_round/abe-4-series-a--2a7c66b1,"San Francisco, California, United States, North America",Newfront,https://www.crunchbase.com/organization/abe-4,Series A,9000000,USD,9000000,2018-09-01,"Commercial, Cyber Security, Financial Services, Insurance, InsurTech",Founders Fund
Series A - Cymmetria,https://www.crunchbase.com/funding_round/cymmetria-series-a--76a0d88b,"Palo Alto, California, United States, North America",Cymmetria,https://www.crunchbase.com/organization/cymmetria,Series A,9000000,USD,9000000,2015-11-10,"Cyber Security, Network Security, Security",ACME Capital
Series A - Conceal,https://www.crunchbase.com/funding_round/netabstraction-inc-series-a--aa25db96,"Augusta, Georgia, United States, North America",Conceal,https://www.crunchbase.com/organization/netabstraction-inc,Series A,9000000,USD,9000000,2021-05-19,"Cyber Security, Information Technology, Internet, Network Security, SaaS",AllegisCyber
Series A - Confluera,https://www.crunchbase.com/funding_round/confluera-series-a--dfe4a0c8,"Palo Alto, California, United States, North America",Confluera,https://www.crunchbase.com/organization/confluera,Series A,9000000,USD,9000000,2019-07-30,"Cyber Security, Information Technology, Network Security, Security, Software",Lightspeed Venture Partners
Series A - QuSecure,https://www.crunchbase.com/funding_round/qusecure-series-a--e9abbf0d,"San Mateo, California, United States, North America",QuSecure,https://www.crunchbase.com/organization/qusecure,Series A,9000000,USD,9000000,2022-10-03,"Cyber Security, Network Security, Security, Software",
Series A - Cognna,https://www.crunchbase.com/funding_round/cognna-series-a--07911f30,"Riyadh, Ar Riyad, Saudi Arabia, Asia",Cognna,https://www.crunchbase.com/organization/cognna,Series A,9200000,USD,9200000,2025-12-02,"Cyber Security, Network Security, Software","BNVT Capital, Impact46"
Series A - Bromium,https://www.crunchbase.com/funding_round/bromium-series-a--8195f984,"Cupertino, California, United States, North America",Bromium,https://www.crunchbase.com/organization/bromium,Series A,9200000,USD,9200000,2011-06-22,"Computer, Cyber Security, Enterprise, Security, Software",Andreessen Horowitz
Series A - BluSapphire,https://www.crunchbase.com/funding_round/blusapphire-technologies-series-a--e970f4ae,"Hyderabad, Telangana, India, Asia",BluSapphire,https://www.crunchbase.com/organization/blusapphire-technologies,Series A,9200000,USD,9200000,2022-10-27,"Computer, Cyber Security, Information Technology, Network Security, Risk Management",Baring Private Equity India
Series A - Corelight,https://www.crunchbase.com/funding_round/corelight-series-a--6f2ae3b9,"San Francisco, California, United States, North America",Corelight,https://www.crunchbase.com/organization/corelight,Series A,9200000,USD,9200000,2017-07-18,"Analytics, Cyber Security, Network Security, Security, Software",Accel
Series A - Castle,https://www.crunchbase.com/funding_round/castle-2-series-a--a0cf8010,"San Francisco, California, United States, North America",Castle,https://www.crunchbase.com/organization/castle-2,Series A,9200000,USD,9200000,2019-02-08,"Cyber Security, FinTech, Fraud Detection, Internet, Security",Index Ventures
Series A - Electric,https://www.crunchbase.com/funding_round/electric-series-a--5f0f72b0,"New York, New York, United States, North America",Electric,https://www.crunchbase.com/organization/electric,Series A,9250000,USD,9250000,2018-03-28,"Artificial Intelligence (AI), Cyber Security, Network Security, Technical Support",Bessemer Venture Partners
Series A - Qwiet,https://www.crunchbase.com/funding_round/shiftleft-series-a--0f3d37e4,"San Jose, California, United States, North America",Qwiet,https://www.crunchbase.com/organization/shiftleft,Series A,9300000,USD,9300000,2017-10-11,"Artificial Intelligence (AI), Cloud Security, Cyber Security, Developer Tools, Security, Software","Bain Capital Ventures, Mayfield Fund"
Series A - WireX Cube,https://www.crunchbase.com/funding_round/wirex-cube-systems-series-a--53e9d460,"Sunnyvale, California, United States, North America",WireX Cube,https://www.crunchbase.com/organization/wirex-cube-systems,Series A,9300000,USD,9300000,2015-07-21,"Analytics, Cyber Security, Information Technology, Network Security, Software",Vertex Ventures
Series A - Tugboat Logic,https://www.crunchbase.com/funding_round/tugboat-logic-series-a--8c9fd11d,"Burlingame, California, United States, North America",Tugboat Logic,https://www.crunchbase.com/organization/tugboat-logic,Series A,9300000,USD,9300000,2020-03-16,"Compliance, Cyber Security, Privacy, Project Management, Risk Management",Inovia Capital
Series A - Opscura,https://www.crunchbase.com/funding_round/enigmedia-series-a--041ec3f7,"Oakland, California, United States, North America",Opscura,https://www.crunchbase.com/organization/enigmedia,Series A,9400000,USD,9400000,2023-02-07,"Cyber Security, Information Technology, Software",Anzu Partners
Series A - Ionic Security,https://www.crunchbase.com/funding_round/ionic-security-series-a--050c2013,"Atlanta, Georgia, United States, North America",Ionic Security,https://www.crunchbase.com/organization/ionic-security,Series A,9400000,USD,9400000,2013-04-19,"Cyber Security, Information Technology, Intellectual Property, Security",Kleiner Perkins
Series A - tCell,https://www.crunchbase.com/funding_round/tcell-io-series-a--5649f01a,"San Francisco, California, United States, North America",tCell,https://www.crunchbase.com/organization/tcell-io,Series A,9400000,USD,9400000,2016-10-12,"Computer, Cyber Security, DevOps, Network Security",Menlo Ventures
Series A - Ostra Security,https://www.crunchbase.com/funding_round/ostra-series-a--cac8175a,"Eden Prairie, Minnesota, United States, North America",Ostra Security,https://www.crunchbase.com/organization/ostra,Series A,9500000,USD,9500000,2025-06-20,"Cyber Security, Information Services, Information Technology, Network Security, Software","Capital Four, General Catalyst, Rally Ventures"
Series A - Obsidian Security,https://www.crunchbase.com/funding_round/obsidian-security-series-a--bd5ae491,"Newport Beach, California, United States, North America",Obsidian Security,https://www.crunchbase.com/organization/obsidian-security,Series A,9500000,USD,9500000,2017-06-08,"Artificial Intelligence (AI), Cloud Security, Cyber Security, Enterprise Software, Identity Management",Greylock
Series A - Defense.Net,https://www.crunchbase.com/funding_round/defense-net-series-a--332e4929,"Belmont, California, United States, North America",Defense.Net,https://www.crunchbase.com/organization/defense-net,Series A,9500000,USD,9500000,2013-08-06,"Cloud Computing, Cyber Security, Information Technology, Security",Bessemer Venture Partners
Series A - EverC,https://www.crunchbase.com/funding_round/evercompliant-series-a--fb433d09,"New York, New York, United States, North America",EverC,https://www.crunchbase.com/organization/evercompliant,Series A,9500000,USD,9500000,2016-12-14,"Artificial Intelligence (AI), Compliance, Cyber Security, FinTech, Fraud Detection, Information Technology, Machine Learning, Risk Management, Security",Arbor Ventures
Series A - Anbai Technology,https://www.crunchbase.com/funding_round/anbai-technology-series-a--90c60007,"Beijing, Beijing, China, Asia",Anbai Technology,https://www.crunchbase.com/organization/anbai-technology,Series A,9500000,USD,9500000,2018-03-13,"Cloud Computing, Computer, Cyber Security, Internet",Binhai
Series A - UncommonX,https://www.crunchbase.com/funding_round/uncommonx-series-a--672215a3,"Chicago, Illinois, United States, North America",UncommonX,https://www.crunchbase.com/organization/uncommonx,Series A,9500000,USD,9500000,2021-12-14,"Analytics, Big Data, Cyber Security, Data Visualization, Enterprise Software, Information Technology, Network Security, Security, Software",Chris Galvin
Series A - Deepfence Inc,https://www.crunchbase.com/funding_round/deepfence-series-a--d56dd145,"Palo Alto, California, United States, North America",Deepfence Inc,https://www.crunchbase.com/organization/deepfence,Series A,9500000,USD,9500000,2020-11-18,"Cloud Security, Cyber Security, Network Security, Security, Software",AllegisCyber
Series A - Mine,https://www.crunchbase.com/funding_round/saymine-technologies-mine-series-a--128d2b0b,"Tel Aviv, Tel Aviv, Israel, Asia",Mine,https://www.crunchbase.com/organization/saymine-technologies-mine,Series A,9500000,USD,9500000,2020-10-21,"Big Data, Cyber Security, Information Technology, Internet, Mobile Apps, Network Security, Privacy, Risk Management, Software",Gradient
Series A - GoSecure (formerly CounterTack),https://www.crunchbase.com/funding_round/gosecure-inc-series-a--2e49cc92,"San Diego, California, United States, North America",GoSecure (formerly CounterTack),https://www.crunchbase.com/organization/gosecure-inc,Series A,9500000,USD,9500000,2011-11-17,"Cloud Security, Cyber Security, Network Security, Security, Software",Fairhaven Capital Partners
Series A - Onapsis,https://www.crunchbase.com/funding_round/onapsis-series-a--091ada59,"Boston, Massachusetts, United States, North America",Onapsis,https://www.crunchbase.com/organization/onapsis,Series A,9600000,USD,9600000,2014-06-18,"Cloud Data Services, Compliance, Cyber Security, Enterprise Resource Planning (ERP), Network Security, Security",.406 Ventures
Series A - Podium Data,https://www.crunchbase.com/funding_round/podium-data-series-a--817475fa,"Lowell, Massachusetts, United States, North America",Podium Data,https://www.crunchbase.com/organization/podium-data,Series A,9700000,USD,9700000,2016-09-26,"Analytics, Cyber Security, Data Management, Enterprise, Information Technology, Intelligent Systems",Malibu Ventures
Series A - Source Defense,https://www.crunchbase.com/funding_round/source-defense-series-a--7426038a,"Rosh Ha'ayin, HaMerkaz, Israel, Asia",Source Defense,https://www.crunchbase.com/organization/source-defense,Series A,9700000,USD,9700000,2018-09-26,"Cyber Security, Fraud Detection, Real Time","AllegisCyber, Jerusalem Venture Partners (JVP)"
Series A - Signal Sciences,https://www.crunchbase.com/funding_round/signal-sciences-series-a--583c683c,"Culver City, California, United States, North America",Signal Sciences,https://www.crunchbase.com/organization/signal-sciences,Series A,9700000,USD,9700000,2016-02-25,"Cyber Security, DevOps, Information Technology, SaaS, Security, Software, Web Apps",Index Ventures
Series A - Caspida,https://www.crunchbase.com/funding_round/caspida-series-a--64d71813,"Palo Alto, California, United States, North America",Caspida,https://www.crunchbase.com/organization/caspida,Series A,9724994,USD,9724994,2014-03-03,"Analytics, Cyber Security, Real Time, SaaS, Software","Redpoint, True Ventures"
Series A - Evident.io,https://www.crunchbase.com/funding_round/evident-io-series-a--af0dd1f7,"Pleasanton, California, United States, North America",Evident.io,https://www.crunchbase.com/organization/evident-io,Series A,9900000,USD,9900000,2014-11-11,"Cloud Security, Cyber Security, Developer Tools, DevOps, Information Technology, Security, Software",Bain Capital Ventures
Series A - NetBird,https://www.crunchbase.com/funding_round/netbird-series-a--0322f7c0,"Berlin, Berlin, Germany, Europe",NetBird,https://www.crunchbase.com/organization/netbird,Series A,8500000,EUR,9904105,2026-01-13,"Cyber Security, IaaS, Information Services, Information Technology",Pace Capital
Series A - Bodyguard,https://www.crunchbase.com/funding_round/bodyguard-series-a--33e76e01,"Nice, Provence-Alpes-Cote d'Azur, France, Europe",Bodyguard,https://www.crunchbase.com/organization/bodyguard,Series A,9000000,EUR,9912025,2022-03-10,"Apps, Artificial Intelligence (AI), Cyber Security, Internet, Risk Management, Social Media, Software","Keen Venture Partners, Ring Capital"
Series A - BOXX Insurance,https://www.crunchbase.com/funding_round/boxx-insurance-series-a--9435e0f6,"Toronto, Ontario, Canada, North America",BOXX Insurance,https://www.crunchbase.com/organization/boxx-insurance,Series A,12700000,CAD,9932351,2021-09-22,"Cyber Security, Financial Services, Risk Management, Service Industry",
Series A - Sitehop,https://www.crunchbase.com/funding_round/sitehop-series-a--fa1f0a55,"Sheffield, Sheffield, United Kingdom, Europe",Sitehop,https://www.crunchbase.com/organization/sitehop,Series A,7500000,GBP,9977239,2025-10-09,"Cyber Security, Information Technology, Software",Northern Gritstone
Series A - Tidal Cyber,https://www.crunchbase.com/funding_round/tidal-cyber-series-a--dbbb9a07,"Washington, District of Columbia, United States, North America",Tidal Cyber,https://www.crunchbase.com/organization/tidal-cyber,Series A,10000000,USD,10000000,2025-09-03,"Cyber Security, Information Technology, Network Security",Bright Pixel Capital
Series A - Allure Security Technology,https://www.crunchbase.com/funding_round/allure-security-technology-inc-series-a--6295b73a,"Waltham, Massachusetts, United States, North America",Allure Security Technology,https://www.crunchbase.com/organization/allure-security-technology-inc,Series A,10000000,USD,10000000,2024-04-03,"Artificial Intelligence (AI), Big Data, Cloud Security, Cyber Security, Mobile, Risk Management, Software",Curql
Series A - Qunnect,https://www.crunchbase.com/funding_round/qunnect-series-a--bf2ead82,"New York, New York, United States, North America",Qunnect,https://www.crunchbase.com/organization/qunnect,Series A,10000000,USD,10000000,2025-06-24,"Cyber Security, Information Technology, Optical Communication, Quantum Computing, Telecommunications",Airbus Ventures
Series A - Reach Security,https://www.crunchbase.com/funding_round/reach-security-series-a--ecdcb238,"San Francisco, California, United States, North America",Reach Security,https://www.crunchbase.com/organization/reach-security,Series A,10000000,USD,10000000,2025-07-29,Cyber Security,M12 - Microsoft's Venture Fund
Series A - Operant AI,https://www.crunchbase.com/funding_round/operant-ai-series-a--fc292cd7,"San Francisco, California, United States, North America",Operant AI,https://www.crunchbase.com/organization/operant-ai,Series A,10000000,USD,10000000,2024-09-12,"Artificial Intelligence (AI), Cloud Data Services, Cloud Security, Cyber Security, Network Security","Felicis, SineWave Ventures"
Series A - CultureAI,https://www.crunchbase.com/funding_round/cultureai-series-a--88f15a64,"Manchester, Manchester, United Kingdom, Europe",CultureAI,https://www.crunchbase.com/organization/cultureai,Series A,10000000,USD,10000000,2024-07-17,"Cyber Security, Information Technology, Security, Software","Mercia Ventures, Smedvig Ventures"
Series A - ThreatWarrior,https://www.crunchbase.com/funding_round/threatwarrior-series-a--a233e64c,"Austin, Texas, United States, North America",ThreatWarrior,https://www.crunchbase.com/organization/threatwarrior,Series A,10000000,USD,10000000,2021-07-01,"Analytics, Artificial Intelligence (AI), Cloud Security, Cyber Security, Machine Learning, Network Security",Ecliptic Capital
Series A - Rubrik,https://www.crunchbase.com/funding_round/rubrik-series-a--a3b172fb,"Palo Alto, California, United States, North America",Rubrik,https://www.crunchbase.com/organization/rubrik,Series A,10000000,USD,10000000,2015-03-24,"Cloud Computing, Cloud Data Services, Cyber Security, Data Management, Information Technology, Security, Software",Lightspeed Venture Partners
Series A - Orchestra Group,https://www.crunchbase.com/funding_round/orchestra-group-series-a--a5d9c958,"Tel Aviv, Tel Aviv, Israel, Asia",Orchestra Group,https://www.crunchbase.com/organization/orchestra-group,Series A,10000000,USD,10000000,2022-01-01,"Artificial Intelligence (AI), Cyber Security, Information Technology, Network Security",
Series A - Verodin,https://www.crunchbase.com/funding_round/verodin-series-a--ce2ec7e1,"Mclean, Virginia, United States, North America",Verodin,https://www.crunchbase.com/organization/verodin,Series A,10000000,USD,10000000,2016-06-28,"Cloud Security, Compliance, Cyber Security, Intrusion Detection, Network Security, Penetration Testing, Security, Software",Rally Ventures
Series A - Opal Security,https://www.crunchbase.com/funding_round/opal-21d5-series-a--d8c15201,"San Francisco, California, United States, North America",Opal Security,https://www.crunchbase.com/organization/opal-21d5,Series A,10000000,USD,10000000,2022-06-06,"Cloud Security, Cyber Security, Information Technology, Software",Greylock
Series A - Panaseer,https://www.crunchbase.com/funding_round/panaseer-series-a--1269414f,"London, England, United Kingdom, Europe",Panaseer,https://www.crunchbase.com/organization/panaseer,Series A,10000000,USD,10000000,2018-06-18,"Big Data, Cyber Security, Enterprise Software, Information Technology",Evolution Equity Partners
Series A - nanopay,https://www.crunchbase.com/funding_round/nanopay-inc-series-a--4ebc6fdb,"Toronto, Ontario, Canada, North America",nanopay,https://www.crunchbase.com/organization/nanopay-inc,Series A,10000000,USD,10000000,2016-10-26,"B2B, Cyber Security, Financial Services, FinTech, Mobile Payments, Payments, Transaction Processing",
Series A - Cyware,https://www.crunchbase.com/funding_round/cyware-series-a--670564dc,"Jersey City, New Jersey, United States, North America",Cyware,https://www.crunchbase.com/organization/cyware,Series A,10000000,USD,10000000,2020-08-18,"Agentic AI, Cloud Security, Cyber Security, Information Technology, Security","Prelude Fund, Tanium"
Series A - Firedome,https://www.crunchbase.com/funding_round/firedome-series-a--fdb5fdaf,"New York, New York, United States, North America",Firedome,https://www.crunchbase.com/organization/firedome,Series A,10000000,USD,10000000,2019-10-23,"Analytics, Cyber Security, Internet of Things, Security",Two Sigma Ventures
Series A - Cylera,https://www.crunchbase.com/funding_round/cylera-series-a--d2cdaa1f,"New York, New York, United States, North America",Cylera,https://www.crunchbase.com/organization/cylera,Series A,10000000,USD,10000000,2021-03-18,"Analytics, Artificial Intelligence (AI), Asset Management, Cyber Security, Elder Care, Health Care, Internet of Things, Medical, Software, Wellness","Concord Health Partners, Maverick Ventures"
Series A - Inpher.io,https://www.crunchbase.com/funding_round/inpher-io-series-a--f531b14d,"New York, New York, United States, North America",Inpher.io,https://www.crunchbase.com/organization/inpher-io,Series A,10000000,USD,10000000,2018-11-02,"Artificial Intelligence (AI), Cyber Security, Machine Learning, Predictive Analytics",JP Morgan Chase
Series A - BioCatch,https://www.crunchbase.com/funding_round/biocatch-series-a--cde6d9cf,"Tel Aviv, Tel Aviv, Israel, Asia",BioCatch,https://www.crunchbase.com/organization/biocatch,Series A,10000000,USD,10000000,2014-06-17,"Analytics, Cyber Security, Financial Services, FinTech, Fraud Detection, Network Security","Blumberg Capital, OurCrowd"
Series A - Trustwave,https://www.crunchbase.com/funding_round/trustwave-series-a--c38a2e21,"Chicago, Illinois, United States, North America",Trustwave,https://www.crunchbase.com/organization/trustwave,Series A,10000000,USD,10000000,2004-05-19,"Cloud Security, Cyber Security, IT Management, Network Security, Risk Management",FTV Capital
Series A - SCYTHE,https://www.crunchbase.com/funding_round/scythe-series-a--272f5798,"Miami, Florida, United States, North America",SCYTHE,https://www.crunchbase.com/organization/scythe,Series A,10000000,USD,10000000,2021-11-08,"Cyber Security, Enterprise, Risk Management","Gula Tech Adventures, Paladin Capital Group"
Series A - TruSTAR,https://www.crunchbase.com/funding_round/trustar-technology-series-a--db9df3d4,"San Francisco, California, United States, North America",TruSTAR,https://www.crunchbase.com/organization/trustar-technology,Series A,10000000,USD,10000000,2017-02-09,"Big Data, Cyber Security, Enterprise Software, Information Technology, SaaS, Security, Software",Storm Ventures
Series A - Dragos,https://www.crunchbase.com/funding_round/dragos-series-a--8d39f610,"Hanover, Maryland, United States, North America",Dragos,https://www.crunchbase.com/organization/dragos,Series A,10000000,USD,10000000,2017-08-14,"Cyber Security, Network Security, Security","AllegisCyber, Energy Impact Partners"
Series A - Sprinto,https://www.crunchbase.com/funding_round/sprinto-series-a--e9d0ee2f,"Bangalore, Karnataka, India, Asia",Sprinto,https://www.crunchbase.com/organization/sprinto,Series A,10000000,USD,10000000,2022-02-09,"Cloud Security, Compliance, Cyber Security, Information Technology, Software",Elevation Capital
Series A - Viakoo,https://www.crunchbase.com/funding_round/viakoo-inc-series-a--c5694607,"Mountain View, California, United States, North America",Viakoo,https://www.crunchbase.com/organization/viakoo-inc,Series A,10000000,USD,10000000,2021-10-28,"Cloud Data Services, Cyber Security, Internet of Things, IT Infrastructure, Physical Security, SaaS, Security",Shasta Ventures
Series A - Guardsix,https://www.crunchbase.com/funding_round/logpoint-series-a--65b6f7ad,"Copenhagen, Hovedstaden, Denmark, Europe",Guardsix,https://www.crunchbase.com/organization/logpoint,Series A,10000000,USD,10000000,2017-04-04,"Cloud Security, Cyber Security, Enterprise Resource Planning (ERP), Information Technology, Network Security, SaaS, Security, Software",Evolution Equity Partners
Series A - Palo Alto Networks,https://www.crunchbase.com/funding_round/palo-alto-networks-series-a--c61e04ed,"Santa Clara, California, United States, North America",Palo Alto Networks,https://www.crunchbase.com/organization/palo-alto-networks,Series A,10000000,USD,10000000,2006-01-01,"Agentic AI, Cloud Security, Cyber Security, Network Security, Security","Greylock, Sequoia Capital"
Series A - Exabeam,https://www.crunchbase.com/funding_round/exabeam-series-a--b532e9f9,"Foster City, California, United States, North America",Exabeam,https://www.crunchbase.com/organization/exabeam,Series A,10000000,USD,10000000,2014-06-10,"Analytics, Artificial Intelligence (AI), Big Data, Cloud Security, Cyber Security, Machine Learning, Security, Software",Norwest
Series A - Uptycs,https://www.crunchbase.com/funding_round/uptycs-series-a--d5c6640b,"Waltham, Massachusetts, United States, North America",Uptycs,https://www.crunchbase.com/organization/uptycs,Series A,10000000,USD,10000000,2018-06-19,"Analytics, Cloud Security, Cyber Security, Information Technology, Software",Forgepoint Capital
Series A - Praetorian,https://www.crunchbase.com/funding_round/praetorian-series-a--2d920b6a,"Austin, Texas, United States, North America",Praetorian,https://www.crunchbase.com/organization/praetorian,Series A,10000000,USD,10000000,2020-02-13,"Cloud Security, Cyber Security, Enterprise Software, Network Security, Penetration Testing, Security, Software Engineering","Bill Wood Ventures, McKinsey & Company"
Series A - Coalition,https://www.crunchbase.com/funding_round/coalition-535d-series-a--10642776,"San Francisco, California, United States, North America",Coalition,https://www.crunchbase.com/organization/coalition-535d,Series A,10000000,USD,10000000,2018-03-01,"Cyber Security, Email, Information Technology, Insurance, InsurTech, Risk Management","Ribbit Capital, Valor Equity Partners, Vy Capital"
Series A - ISARA Corporation,https://www.crunchbase.com/funding_round/isara-corporation-series-a--93cc6fba,"Waterloo, Ontario, Canada, North America",ISARA Corporation,https://www.crunchbase.com/organization/isara-corporation,Series A,10000000,USD,10000000,2018-11-19,"Consulting, Cyber Security, Network Security, Quantum Computing, Security, Software",Shasta Ventures
Series A - BlackFog,https://www.crunchbase.com/funding_round/blackfog-inc-series-a--b03c09ac,"San Francisco, California, United States, North America",BlackFog,https://www.crunchbase.com/organization/blackfog-inc,Series A,10000000,USD,10000000,2023-06-19,"Computer, Cyber Security, Network Security, Security",
Series A - Britive,https://www.crunchbase.com/funding_round/britive-series-a--e735db86,"Glendale, California, United States, North America",Britive,https://www.crunchbase.com/organization/britive,Series A,10000000,USD,10000000,2021-05-19,"Cloud Security, Cyber Security, Identity Management, Software",Crosslink Capital
Series A - ZeroNorth,https://www.crunchbase.com/funding_round/zeronorth-series-a--3c954f4c,"Boston, Massachusetts, United States, North America",ZeroNorth,https://www.crunchbase.com/organization/zeronorth,Series A,10000000,USD,10000000,2019-04-29,"Cloud Security, Cyber Security, Information Technology, Internet, Security, Software",ClearSky
Series A - SEWORKS,https://www.crunchbase.com/funding_round/seworks-series-a--357d10c4,"San Francisco, California, United States, North America",SEWORKS,https://www.crunchbase.com/organization/seworks,Series A,10000000,USD,10000000,2016-12-01,"Cloud Security, Computer, Cyber Security, Identity Management, Network Security, Penetration Testing, Privacy, Security",Smilegate Investment
Series A - CyberMDX,https://www.crunchbase.com/funding_round/cybermdx-series-a--3fb1d601,"New York, New York, United States, North America",CyberMDX,https://www.crunchbase.com/organization/cybermdx,Series A,10000000,USD,10000000,2018-07-17,"Cyber Security, Enterprise Software, Health Care, Medical Device, Network Security, Software","Pitango VC, Qure Ventures"
Series A - SECDO,https://www.crunchbase.com/funding_round/secdo-series-a--d2b5afa6,"New York, New York, United States, North America",SECDO,https://www.crunchbase.com/organization/secdo,Series A,10000000,USD,10000000,2016-12-06,"Cyber Security, Network Security, Security","Marius Nacht, RDC - Rafael Development Corporation"
Series A - WireWheel.io,https://www.crunchbase.com/funding_round/wirewheel-io-series-a--33d7a862,"Arlington, Virginia, United States, North America",WireWheel.io,https://www.crunchbase.com/organization/wirewheel-io,Series A,10000000,USD,10000000,2018-10-25,"Compliance, Cyber Security, Privacy, Software","New Enterprise Associates, PSP Growth"
Series A - Bolster AI,https://www.crunchbase.com/funding_round/bolster-inc-series-a--c04cd561,"Santa Clara, California, United States, North America",Bolster AI,https://www.crunchbase.com/organization/bolster-inc,Series A,10000000,USD,10000000,2019-08-23,"Artificial Intelligence (AI), Cyber Security, Fraud Detection, Machine Learning","Crosslink Capital, Thomvest Ventures"
Series A - Morphick Cyber Security,https://www.crunchbase.com/funding_round/morphick-cyber-security-series-a--2c239ac4,"Cincinnati, Ohio, United States, North America",Morphick Cyber Security,https://www.crunchbase.com/organization/morphick-cyber-security,Series A,10000000,USD,10000000,2015-09-21,"Cyber Security, Security",Orchard Holdings Group
Series A - ZeroNorth,https://www.crunchbase.com/funding_round/zeronorth-series-a--e7a41781,"Boston, Massachusetts, United States, North America",ZeroNorth,https://www.crunchbase.com/organization/zeronorth,Series A,10000000,USD,10000000,2020-03-16,"Cloud Security, Cyber Security, Information Technology, Internet, Security, Software",Crosslink Capital
Series A - Siemplify,https://www.crunchbase.com/funding_round/siemplify-series-a--5752acb1,"New York, New York, United States, North America",Siemplify,https://www.crunchbase.com/organization/siemplify,Series A,10000000,USD,10000000,2016-11-15,"Cyber Security, Network Security, Security, Software","83North, G20 Ventures"
Series A - Spyderbat,https://www.crunchbase.com/funding_round/spyderbat-series-a--5071e542,"Austin, Texas, United States, North America",Spyderbat,https://www.crunchbase.com/organization/spyderbat,Series A,10000000,USD,10000000,2022-10-24,"Cloud Security, Cyber Security, Network Security, Software",NTT Venture Capital
Series A - PlexTrac,https://www.crunchbase.com/funding_round/plextrac-series-a--a0a7e7e1,"Boise, Idaho, United States, North America",PlexTrac,https://www.crunchbase.com/organization/plextrac,Series A,10000000,USD,10000000,2021-04-14,"Computer, Cyber Security, Network Security, Software","Madrona, Noro-Moseley Partners"
Series A - Silent Push,https://www.crunchbase.com/funding_round/silent-push-series-a--0174dbe3,"Reston, Virginia, United States, North America",Silent Push,https://www.crunchbase.com/organization/silent-push,Series A,10000000,USD,10000000,2024-12-11,"Cyber Security, Information Technology, Network Security","StepStone Group, Ten Eleven Ventures"
Series A - StrongKey,https://www.crunchbase.com/funding_round/strongauth-series-a--ecf53a6f,"Cupertino, California, United States, North America",StrongKey,https://www.crunchbase.com/organization/strongauth,Series A,10000000,USD,10000000,2018-10-09,"Cyber Security, Open Source, Security",Systena America
Series A - Surefire Cyber,https://www.crunchbase.com/funding_round/surefire-cyber-series-a--f02f15ca,"Elkridge, Maryland, United States, North America",Surefire Cyber,https://www.crunchbase.com/organization/surefire-cyber,Series A,10000000,USD,10000000,2022-05-31,"Computer, Cyber Security, Network Security",Forgepoint Capital
Series A - DoControl,https://www.crunchbase.com/funding_round/docontrol-6236-series-a--4a3468ac,"New York, New York, United States, North America",DoControl,https://www.crunchbase.com/organization/docontrol-6236,Series A,10000000,USD,10000000,2021-04-12,"Cloud Security, Cyber Security, Information Technology, Productivity Tools, Risk Management, SaaS",RTP Global
Series A - Deduce,https://www.crunchbase.com/funding_round/deduce-series-a--75b66581,"Philadelphia, Pennsylvania, United States, North America",Deduce,https://www.crunchbase.com/organization/deduce,Series A,10000000,USD,10000000,2021-06-24,"Analytics, Artificial Intelligence (AI), Big Data, Cyber Security, Fraud Detection, Identity Management, Predictive Analytics, Software",Foundry Group
Series A - StackHawk,https://www.crunchbase.com/funding_round/stackhawk-series-a--d8776fad,"Denver, Colorado, United States, North America",StackHawk,https://www.crunchbase.com/organization/stackhawk,Series A,10000000,USD,10000000,2020-10-27,"Cyber Security, Developer APIs, Developer Tools, DevOps, SaaS, Security, Software",Sapphire Ventures
Series A - Pentera,https://www.crunchbase.com/funding_round/pcysys-series-a--ef63bd86,"Burlington, Massachusetts, United States, North America",Pentera,https://www.crunchbase.com/organization/pcysys,Series A,10000000,USD,10000000,2019-11-13,"Cloud Security, Cyber Security, Information Technology, Network Security, Penetration Testing, Security, Software",Awz Ventures
Series A - DUST Identity,https://www.crunchbase.com/funding_round/dust-identity-series-a--376176bf,"Newton, Massachusetts, United States, North America",DUST Identity,https://www.crunchbase.com/organization/dust-identity,Series A,10000000,USD,10000000,2019-07-17,"Cyber Security, Information Technology, Internet of Things, Nanotechnology, Security, Software, Supply Chain Management",Kleiner Perkins
Series A - enSilo,https://www.crunchbase.com/funding_round/ensilo-series-a--03587656,"San Francisco, California, United States, North America",enSilo,https://www.crunchbase.com/organization/ensilo,Series A,10000000,USD,10000000,2015-06-16,Cyber Security,Lightspeed Venture Partners
Series A - Cygilant,https://www.crunchbase.com/funding_round/eiqnetworks-series-a--d9c22cbb,"Boston, Massachusetts, United States, North America",Cygilant,https://www.crunchbase.com/organization/eiqnetworks,Series A,10000000,USD,10000000,2009-01-21,"Cyber Security, Enterprise Software, Network Security",Venrock
Series A - AppOmni,https://www.crunchbase.com/funding_round/appomni-series-a--d6f13c39,"San Mateo, California, United States, North America",AppOmni,https://www.crunchbase.com/organization/appomni,Series A,10000000,USD,10000000,2020-01-28,"Cloud Security, Cyber Security, Enterprise Software, SaaS, Software",ClearSky
Series A - Corvus Insurance,https://www.crunchbase.com/funding_round/corvus-insurance-series-a--018d8215,"Boston, Massachusetts, United States, North America",Corvus Insurance,https://www.crunchbase.com/organization/corvus-insurance,Series A,10000000,USD,10000000,2018-11-26,"Artificial Intelligence (AI), Cyber Security, Insurance, InsurTech",.406 Ventures
Series A - Perimeter 81,https://www.crunchbase.com/funding_round/perimeter-81-series-a--54c9b26f,"Tel Aviv, Tel Aviv, Israel, Asia",Perimeter 81,https://www.crunchbase.com/organization/perimeter-81,Series A,10000000,USD,10000000,2019-11-21,"Cloud Security, Cyber Security, Network Security, SaaS",SonicWALL
Series A - AnChain.ai,https://www.crunchbase.com/funding_round/anchain-ai-series-a--ea3befdf,"San Jose, California, United States, North America",AnChain.ai,https://www.crunchbase.com/organization/anchain-ai,Series A,10000000,USD,10000000,2021-08-12,"Artificial Intelligence (AI), Blockchain, Compliance, Cryptocurrency, Cyber Security, Ethereum, FinTech, Machine Learning",Susquehanna International Group
Series A - Vulcan Cyber,https://www.crunchbase.com/funding_round/vulcan-cyber-series-a--85ceff35,"Tel Aviv, Tel Aviv, Israel, Asia",Vulcan Cyber,https://www.crunchbase.com/organization/vulcan-cyber,Series A,10000000,USD,10000000,2019-06-26,"Cloud Security, Cyber Security, Network Security, Security",Ten Eleven Ventures
Series A - Alethea,https://www.crunchbase.com/funding_round/alethea-group-series-a--46a5574b,"Washington, District of Columbia, United States, North America",Alethea,https://www.crunchbase.com/organization/alethea-group,Series A,10000000,USD,10000000,2022-11-02,"Cyber Security, Information Technology, Risk Management",Ballistic Ventures
Series A - HYPR,https://www.crunchbase.com/funding_round/hyprcorp-series-a--fb9e5524,"New York, New York, United States, North America",HYPR,https://www.crunchbase.com/organization/hyprcorp,Series A,10000000,USD,10000000,2017-10-03,"Cyber Security, Identity Management, Mobile, Security",RRE Ventures
Series A - RiskIQ,https://www.crunchbase.com/funding_round/riskiq-series-a--595fb9d1,"San Francisco, California, United States, North America",RiskIQ,https://www.crunchbase.com/organization/riskiq,Series A,10000000,USD,10000000,2013-07-18,"Cyber Security, Enterprise Software, Reputation, Risk Management, Security",Summit Partners
Series A - Cado Security,https://www.crunchbase.com/funding_round/cado-security-series-a--14665aa1,"London, England, United Kingdom, Europe",Cado Security,https://www.crunchbase.com/organization/cado-security,Series A,10000000,USD,10000000,2021-04-15,"Cyber Security, Enterprise Software, Network Security, Software",Blossom Capital
Series A - Radiflow,https://www.crunchbase.com/funding_round/radiflow-series-a--ccc26ae4,"Tel Aviv, Tel Aviv, Israel, Asia",Radiflow,https://www.crunchbase.com/organization/radiflow,Series A,10000000,USD,10000000,2011-11-11,"Cyber Security, Security",Zohar Zisapel
Series A - Norse,https://www.crunchbase.com/funding_round/norse-corporation-series-a--01f9c94b,"San Mateo, California, United States, North America",Norse,https://www.crunchbase.com/organization/norse-corporation,Series A,10000000,USD,10000000,2013-12-12,"Computer, Cyber Security, Network Security, Security",Oak Investment Partners
Series A - SCADAfence,https://www.crunchbase.com/funding_round/scadafence-series-a--42beb0b6,"Tel Aviv, Tel Aviv, Israel, Asia",SCADAfence,https://www.crunchbase.com/organization/scadafence,Series A,10000000,USD,10000000,2017-11-21,"Cyber Security, Homeland Security, Network Security, Security",Jerusalem Venture Partners (JVP)
Series A - Cylus,https://www.crunchbase.com/funding_round/cylus-series-a--3971c123,"Tel Aviv, Tel Aviv, Israel, Asia",Cylus,https://www.crunchbase.com/organization/cylus,Series A,10000000,USD,10000000,2020-12-09,"Cyber Security, Railroad, Transportation",Alstom
Series A - Cyble,https://www.crunchbase.com/funding_round/cyble-series-a--31ce8c3a,"Cupertino, California, United States, North America",Cyble,https://www.crunchbase.com/organization/cyble,Series A,10000000,USD,10000000,2022-02-22,"Artificial Intelligence (AI), Cloud Security, Cyber Security, Risk Management, Software",Blackbird Ventures
Series A - Elastic,https://www.crunchbase.com/funding_round/elasticsearch-series-a--5848bd61,"Amsterdam, Noord-Holland, The Netherlands, Europe",Elastic,https://www.crunchbase.com/organization/elasticsearch,Series A,10000000,USD,10000000,2012-11-08,"Analytics, Application Performance Management, Artificial Intelligence (AI), Cloud Computing, Cyber Security, Database, Open Source, SaaS, Search Engine, Software",Benchmark
Series A - Prevailion,https://www.crunchbase.com/funding_round/prevailion-inc-series-a--c9133f5c,"The Woodlands, Texas, United States, North America",Prevailion,https://www.crunchbase.com/organization/prevailion-inc,Series A,10000000,USD,10000000,2019-04-01,"Artificial Intelligence (AI), Business Intelligence, Cyber Security, Machine Learning, Predictive Analytics",AllegisCyber
Series A - Anvilogic,https://www.crunchbase.com/funding_round/anvilogic-series-a--8692f93e,"Palo Alto, California, United States, North America",Anvilogic,https://www.crunchbase.com/organization/anvilogic,Series A,10000000,USD,10000000,2021-05-11,"Artificial Intelligence (AI), Cyber Security, Information Technology, Network Security",Cervin Ventures
Series A - MagicCube,https://www.crunchbase.com/funding_round/magiccube-inc-series-a--ebf8561c,"Santa Clara, California, United States, North America",MagicCube,https://www.crunchbase.com/organization/magiccube-inc,Series A,10000000,USD,10000000,2017-08-08,"Credit Cards, Cyber Security, Internet of Things, Mobile Payments, Payments",Bold Capital Partners
Series A - Dedrone,https://www.crunchbase.com/funding_round/dedrone-series-a--9b4d36c1,"San Francisco, California, United States, North America",Dedrone,https://www.crunchbase.com/organization/dedrone,Series A,10000000,USD,10000000,2016-05-17,"Cyber Security, Drone Management, National Security, Sensor",Menlo Ventures
Series A - SPHERE,https://www.crunchbase.com/funding_round/sphere-technology-solutions-series-a--60656313,"Newark, New Jersey, United States, North America",SPHERE,https://www.crunchbase.com/organization/sphere-technology-solutions,Series A,10000000,USD,10000000,2021-02-18,"Compliance, Cyber Security, Data Governance, Identity Management, SaaS, Software",Forgepoint Capital
Series A - Axiado Corporation Inc,https://www.crunchbase.com/funding_round/axiado-series-a--7806d3fe,"San Jose, California, United States, North America",Axiado Corporation Inc,https://www.crunchbase.com/organization/axiado,Series A,10000000,USD,10000000,2018-09-01,"AI Infrastructure, Artificial Intelligence (AI), Cloud Security, Cyber Security, Hardware, Network Security, Semiconductor",
Series A - SecureWorks,https://www.crunchbase.com/funding_round/secureworks-series-a--572089bc,"Atlanta, Georgia, United States, North America",SecureWorks,https://www.crunchbase.com/organization/secureworks,Series A,10000000,USD,10000000,2000-02-17,"Cyber Security, Information Technology, Network Security, Risk Management, Security",
Series A - TOAE Security,https://www.crunchbase.com/funding_round/toae-security-series-a--c7dbecfd,"Bangalore, Karnataka, India, Asia",TOAE Security,https://www.crunchbase.com/organization/toae-security,Series A,10000000,USD,10000000,2022-12-12,Cyber Security,
Series A - Cyberint,https://www.crunchbase.com/funding_round/cyberint-series-a--d7dc5848,"Petah Tiqva, HaMerkaz, Israel, Asia",Cyberint,https://www.crunchbase.com/organization/cyberint,Series A,10000000,USD,10000000,2014-01-01,"Cyber Security, Fraud Detection, Network Security, Security, Software",
Series A - Bitglass,https://www.crunchbase.com/funding_round/bitglass-series-a--de3aae6d,"Campbell, California, United States, North America",Bitglass,https://www.crunchbase.com/organization/bitglass,Series A,10020000,USD,10020000,2013-03-08,"Cloud Computing, Cloud Security, Cyber Security, Network Security, SaaS, Software","New Enterprise Associates, Norwest"
Series A - HashiCorp,https://www.crunchbase.com/funding_round/hashicorp-series-a--258d2fcd,"San Francisco, California, United States, North America",HashiCorp,https://www.crunchbase.com/organization/hashicorp,Series A,10175000,USD,10175000,2014-12-10,"Cloud Infrastructure, Cyber Security, DevOps, Information Technology, Private Cloud, Software",Mayfield Fund
Series A - ThreatQuotient,https://www.crunchbase.com/funding_round/threatq-series-a--e3eb7bed,"Reston, Virginia, United States, North America",ThreatQuotient,https://www.crunchbase.com/organization/threatq,Series A,10200000,USD,10200000,2015-12-02,"Analytics, Cyber Security, Network Security, Security",New Enterprise Associates
Series A - LimaCharlie,https://www.crunchbase.com/funding_round/limacharlie-series-a--26c8b7a2,"Covina, California, United States, North America",LimaCharlie,https://www.crunchbase.com/organization/limacharlie,Series A,10206991,USD,10206991,2024-02-08,"Cloud Security, Cyber Security, Information Technology, Network Security, SaaS",Sands Capital Ventures
Series A - Blumira,https://www.crunchbase.com/funding_round/blumira-series-a--7bcbb507,"Ann Arbor, Michigan, United States, North America",Blumira,https://www.crunchbase.com/organization/blumira,Series A,10300000,USD,10300000,2021-08-18,"Cyber Security, Information Technology, Network Security",Mercury Fund
Series A - Post-Quantum,https://www.crunchbase.com/funding_round/pq-solutions-2-series-a--54ab2817,"London, England, United Kingdom, Europe",Post-Quantum,https://www.crunchbase.com/organization/pq-solutions-2,Series A,10300000,USD,10300000,2016-07-07,"Blockchain, Cryptocurrency, Cyber Security, Identity Management, Information Technology, Quantum Computing, SaaS, Software",
Series A - Trustero,https://www.crunchbase.com/funding_round/trustero-series-a--3dda6b20,"Palo Alto, California, United States, North America",Trustero,https://www.crunchbase.com/organization/trustero,Series A,10350000,USD,10350000,2024-11-21,"Artificial Intelligence (AI), Business Intelligence, Compliance, Cyber Security, Data Governance, Enterprise Software, Risk Management, SaaS",Bright Pixel Capital
Series A - LightCyber,https://www.crunchbase.com/funding_round/light-cyber-series-a--7adf9d13,"Los Altos, California, United States, North America",LightCyber,https://www.crunchbase.com/organization/light-cyber,Series A,10500000,USD,10500000,2014-09-10,"Cyber Security, Enterprise Software, Intrusion Detection, Security",Battery Ventures
Series A - YourSix,https://www.crunchbase.com/funding_round/yoursix-series-a--23e06e5a,"Roseville, Michigan, United States, North America",YourSix,https://www.crunchbase.com/organization/yoursix,Series A,10500000,USD,10500000,2024-06-13,"Cloud Data Services, Cyber Security, Security",Vocap Partners
Series A - Menlo Security,https://www.crunchbase.com/funding_round/menlo-security-series-a--3d4d04e9,"Mountain View, California, United States, North America",Menlo Security,https://www.crunchbase.com/organization/menlo-security,Series A,10500000,USD,10500000,2014-11-18,"Compliance, Cyber Security, Generative AI, Network Security, Security",General Catalyst
Series A - Securden,https://www.crunchbase.com/funding_round/securden-series-a--6bbd0e3b,"Newark, Delaware, United States, North America",Securden,https://www.crunchbase.com/organization/securden,Series A,800000000,INR,10509452,2022-04-13,"Artificial Intelligence (AI), Cyber Security, Software",Tiger Global Management
Series A - Hack The Box,https://www.crunchbase.com/funding_round/hack-the-box-series-a--9700c620,"Folkestone, Kent, United Kingdom, Europe",Hack The Box,https://www.crunchbase.com/organization/hack-the-box,Series A,10600000,USD,10600000,2021-04-12,"Artificial Intelligence (AI), Cyber Security, Information Technology, Penetration Testing, Skill Assessment, Training",Paladin Capital Group
Series A - Inspectiv,https://www.crunchbase.com/funding_round/inspectiv-series-a--cf6f729f,"Los Angeles, California, United States, North America",Inspectiv,https://www.crunchbase.com/organization/inspectiv,Series A,10666174,USD,10666174,2022-06-30,"Cyber Security, Information Technology, Internet, Security",StepStone Group
Series A - Stoïk,https://www.crunchbase.com/funding_round/stoïk-series-a--a3a0df55,"Paris, Ile-de-France, France, Europe",Stoïk,https://www.crunchbase.com/organization/stoïk,Series A,10000000,EUR,10681467,2023-09-19,"Cloud Security, Cyber Security, Insurance, InsurTech",Munich Re Ventures
Series A - Sysdig,https://www.crunchbase.com/funding_round/sysdig-series-a--41aa9978,"San Francisco, California, United States, North America",Sysdig,https://www.crunchbase.com/organization/sysdig,Series A,10700000,USD,10700000,2015-07-14,"Cloud Computing, Cloud Security, Cyber Security, Open Source, SaaS, Security","Accel, Bain Capital Ventures"
Series A - Cleafy,https://www.crunchbase.com/funding_round/cleafy-series-a--9f0be54b,"Milan, Lombardia, Italy, Europe",Cleafy,https://www.crunchbase.com/organization/cleafy,Series A,10000000,EUR,10753208,2023-09-12,"Cyber Security, FinTech, Information Services, Information Technology, Security",United Ventures
Series A - Getvisibility,https://www.crunchbase.com/funding_round/getvisibility-series-a--8c7f0256,"Cork, Cork, Ireland, Europe",Getvisibility,https://www.crunchbase.com/organization/getvisibility,Series A,10000000,EUR,10914004,2022-03-11,"Artificial Intelligence (AI), Cyber Security, Security, Software","Alpha Intelligence Capital, Fortino Capital"
Series A - LayerX,https://www.crunchbase.com/funding_round/layerx-security-series-a--b907e440,"Tel Aviv, Tel Aviv, Israel, Asia",LayerX,https://www.crunchbase.com/organization/layerx-security,Series A,11000000,USD,11000000,2025-04-28,"Cyber Security, Enterprise Software, SaaS, Web Browsers",Jump Capital
Series A - SOC Prime,https://www.crunchbase.com/funding_round/soc-prime-series-a--3e1930ea,"Boston, Massachusetts, United States, North America",SOC Prime,https://www.crunchbase.com/organization/soc-prime,Series A,11000000,USD,11000000,2021-10-19,"Cloud Security, Cyber Security, Data Integration, Fraud Detection, Intrusion Detection, Marketplace, Predictive Analytics, SaaS","DNX Ventures, Streamlined"
Series A - Pindrop,https://www.crunchbase.com/funding_round/pindrop-security-series-a--be81d986,"Atlanta, Georgia, United States, North America",Pindrop,https://www.crunchbase.com/organization/pindrop-security,Series A,11000000,USD,11000000,2013-06-19,"Cyber Security, Fraud Detection, Natural Language Processing, Security, Speech Recognition","Andreessen Horowitz, Citi Ventures"
Series A - Metabase Q,https://www.crunchbase.com/funding_round/metabase-q-series-a--d670625c,"San Francisco, California, United States, North America",Metabase Q,https://www.crunchbase.com/organization/metabase-q,Series A,11000000,USD,11000000,2024-07-15,"Cyber Security, Information Technology, Software",SYN Ventures
Series A - Resistant AI,https://www.crunchbase.com/funding_round/resistant-ai-series-a--d6f73841,"Prague, Hlavni mesto Praha, Czech Republic, Europe",Resistant AI,https://www.crunchbase.com/organization/resistant-ai,Series A,11000000,USD,11000000,2023-06-27,"Artificial Intelligence (AI), Banking, Cyber Security, Fraud Detection, Machine Learning, Payments",Notion Capital
Series A - ZeroFox,https://www.crunchbase.com/funding_round/zerofox-series-a--8dc2bf47,"Baltimore, Maryland, United States, North America",ZeroFox,https://www.crunchbase.com/organization/zerofox,Series A,11000000,USD,11000000,2014-04-29,"Cyber Security, Network Security, Security",New Enterprise Associates
Series A - VISO TRUST,https://www.crunchbase.com/funding_round/viso-trust-series-a--3011154b,"San Francisco, California, United States, North America",VISO TRUST,https://www.crunchbase.com/organization/viso-trust,Series A,11000000,USD,11000000,2022-03-03,"Cyber Security, Risk Management, SaaS, Security",Bain Capital Ventures
Series A - Spikes Security,https://www.crunchbase.com/funding_round/spikes-inc-series-a--8a4934a4,"Los Gatos, California, United States, North America",Spikes Security,https://www.crunchbase.com/organization/spikes-inc,Series A,11000000,USD,11000000,2014-10-22,"Cyber Security, Network Security, Security","Benhamou Global Ventures, Javelin Venture Partners, Lakewood & Company"
Series A - Tines,https://www.crunchbase.com/funding_round/tines-series-a--42aad74c,"Dublin, Dublin, Ireland, Europe",Tines,https://www.crunchbase.com/organization/tines,Series A,11000000,USD,11000000,2019-12-11,"Artificial Intelligence (AI), Cyber Security, Data Integration, Enterprise Software, Security, Software",
Series A - Luminate Security,https://www.crunchbase.com/funding_round/luminate-security-series-a--28450502,"Palo Alto, California, United States, North America",Luminate Security,https://www.crunchbase.com/organization/luminate-security,Series A,11000000,USD,11000000,2018-03-14,"Cloud Security, Cyber Security, Network Security, Software","Aleph, U.S. Venture Partners"
Series A - Trillium Secure,https://www.crunchbase.com/funding_round/trillium-2-series-a--09e13053,"Sunnyvale, California, United States, North America",Trillium Secure,https://www.crunchbase.com/organization/trillium-2,Series A,11000000,USD,11000000,2018-07-04,"Automotive, Cyber Security, Internet of Things, Security, Transportation",JAFCO
Series A - Solebit,https://www.crunchbase.com/funding_round/solebit-labs-series-a--92c28721,"San Francisco, California, United States, North America",Solebit,https://www.crunchbase.com/organization/solebit-labs,Series A,11000000,USD,11000000,2018-03-14,"Computer, Cyber Security, Information Technology, Network Security, Real Time, Software",ClearSky
Series A - Revelock,https://www.crunchbase.com/funding_round/buguroo-series-a--c6dc03e6,"Madrid, Madrid, Spain, Europe",Revelock,https://www.crunchbase.com/organization/buguroo,Series A,11000000,USD,11000000,2019-11-26,"Cyber Security, Fraud Detection, Software",Ten Eleven Ventures
Series A - Akeyless Security,https://www.crunchbase.com/funding_round/akeyless-series-a--9a00e08f,"Ramat Gan, Tel Aviv, Israel, Asia",Akeyless Security,https://www.crunchbase.com/organization/akeyless,Series A,11000000,USD,11000000,2021-04-28,"Cloud Security, Computer, Cyber Security, DevOps, SaaS, Software",Team8
Series A - PlainID,https://www.crunchbase.com/funding_round/plainid-series-a--574c3945,"Tel Aviv, Tel Aviv, Israel, Asia",PlainID,https://www.crunchbase.com/organization/plainid,Series A,11000000,USD,11000000,2018-07-02,"Business Intelligence, Compliance, Cyber Security, Generative AI, Identity Management, Information Technology",Viola Ventures
Series A - BlackCloak,https://www.crunchbase.com/funding_round/blackcloak-series-a--6b1a7ad0,"Lake Mary, Florida, United States, North America",BlackCloak,https://www.crunchbase.com/organization/blackcloak,Series A,11000000,USD,11000000,2021-07-29,"Cyber Security, Information Technology, Privacy",TDF Ventures
Series A - Devo,https://www.crunchbase.com/funding_round/logtrust-s-l-series-a--46959758,"Cambridge, Massachusetts, United States, North America",Devo,https://www.crunchbase.com/organization/logtrust-s-l,Series A,11000000,USD,11000000,2017-01-10,"Analytics, Big Data, Cloud Data Services, Cyber Security, Information Services, Information Technology",
Series A - Human Security,https://www.crunchbase.com/funding_round/humansecurity-series-a--1340e166,"New York, New York, United States, North America",Human Security,https://www.crunchbase.com/organization/humansecurity,Series A,11093068,USD,11093068,2014-06-24,"Advertising, Agentic AI, Artificial Intelligence (AI), Cyber Security, Fraud Detection, Internet, Security, Software","Grotech Ventures, Paladin Capital Group"
Series A - Cloudsmith,https://www.crunchbase.com/funding_round/cloudsmith-io-series-a--9087eaa0,"Belfast, Belfast, United Kingdom, Europe",Cloudsmith,https://www.crunchbase.com/organization/cloudsmith-io,Series A,8800000,GBP,11187488,2023-11-28,"Artificial Intelligence (AI), Cloud Computing, Cloud Storage, Content Delivery Network, Cyber Security, Developer Tools, Enterprise Software, SaaS, Security, Software",MMC Ventures
Series A - Deep Instinct,https://www.crunchbase.com/funding_round/deep-instinct-series-a--ec8b651d,"New York, New York, United States, North America",Deep Instinct,https://www.crunchbase.com/organization/deep-instinct,Series A,11200000,USD,11200000,2016-06-18,"Artificial Intelligence (AI), Cyber Security, Online Portals",
Series A - Aporeto,https://www.crunchbase.com/funding_round/aporeto-series-a--dc0955d4,"San Jose, California, United States, North America",Aporeto,https://www.crunchbase.com/organization/aporeto,Series A,11200000,USD,11200000,2017-05-18,"Cloud Security, Cyber Security, Government, Security, Software",Norwest
Series A - CybelAngel,https://www.crunchbase.com/funding_round/cybelangel-series-a--4fe976f5,"Paris, Ile-de-France, France, Europe",CybelAngel,https://www.crunchbase.com/organization/cybelangel,Series A,11300000,USD,11300000,2018-10-11,"Analytics, Artificial Intelligence (AI), Cyber Security, Enterprise Software, Information Technology, Internet, Real Time, Risk Management, Security, Software","Bpifrance, Serena"
Series A - Yogosha,https://www.crunchbase.com/funding_round/yogosha-series-a--9c5c86bc,"Paris, Ile-de-France, France, Europe",Yogosha,https://www.crunchbase.com/organization/yogosha,Series A,10000000,EUR,11303164,2022-01-25,"Collaboration, Cyber Security, Internet, SaaS, Security, Software",Tikehau Capital
Series A - Sentryo,https://www.crunchbase.com/funding_round/sentryo-series-a--6f0c5533,"Villeurbanne, Rhone-Alpes, France, Europe",Sentryo,https://www.crunchbase.com/organization/sentryo,Series A,10000000,EUR,11354475,2018-12-03,"Artificial Intelligence (AI), Computer, Cyber Security, Industrial, Information Technology, Internet of Things, Security, Software, Technical Support","Alliance Entreprendre, BNP Paribas Développement, KREAXI, Omnes Capital, Sopra Steria"
Series A - NetRise,https://www.crunchbase.com/funding_round/netrise-inc-series-a--cea9cfc0,"Austin, Texas, United States, North America",NetRise,https://www.crunchbase.com/organization/netrise-inc,Series A,11400000,USD,11400000,2025-04-15,"Cyber Security, Government, Industrial Automation, Information Technology, Risk Management, Software",DNX Ventures
Series A - Norse,https://www.crunchbase.com/funding_round/norse-corporation-series-a--5e54b689,"San Mateo, California, United States, North America",Norse,https://www.crunchbase.com/organization/norse-corporation,Series A,11400000,USD,11400000,2015-09-30,"Computer, Cyber Security, Network Security, Security",KPMG
Series A - Oort,https://www.crunchbase.com/funding_round/oort-series-a--46800722,"Boston, Massachusetts, United States, North America",Oort,https://www.crunchbase.com/organization/oort,Series A,11500000,USD,11500000,2022-10-06,"Cyber Security, SaaS, Software",".406 Ventures, Energy Impact Partners"
Series A - Votiro,https://www.crunchbase.com/funding_round/votiro-series-a--e8644df5,"Austin, Texas, United States, North America",Votiro,https://www.crunchbase.com/organization/votiro,Series A,11500000,USD,11500000,2023-03-30,"Cyber Security, Security, Software",Harvest Lane Asset Management
Series A - NAORIS,https://www.crunchbase.com/funding_round/naoris-series-a--fcbd9a1c,"Aveiro, Aveiro, Portugal, Europe",NAORIS,https://www.crunchbase.com/organization/naoris,Series A,11500000,USD,11500000,2022-07-27,"Artificial Intelligence (AI), Cyber Security, Information Technology, Machine Learning, Software",Draper Associates
Series A - Silverfort,https://www.crunchbase.com/funding_round/silverfort-2-series-a--53b4b5f0,"Dallas, Texas, United States, North America",Silverfort,https://www.crunchbase.com/organization/silverfort-2,Series A,11500000,USD,11500000,2018-06-25,"Cyber Security, Enterprise Software, Identity Management, Network Security, Risk Management",TLV Partners
Series A - Britestream Networks,https://www.crunchbase.com/funding_round/britestream-networks-series-a--bd59c858,"Austin, Texas, United States, North America",Britestream Networks,https://www.crunchbase.com/organization/britestream-networks,Series A,11500000,USD,11500000,2001-01-15,"Cyber Security, Security",
Series A - Stoïk,https://www.crunchbase.com/funding_round/stoïk-series-a--1181000a,"Paris, Ile-de-France, France, Europe",Stoïk,https://www.crunchbase.com/organization/stoïk,Series A,11000000,EUR,11576949,2022-06-28,"Cloud Security, Cyber Security, Insurance, InsurTech",Andreessen Horowitz
Series A - AcoruAI,https://www.crunchbase.com/funding_round/acoru-series-a--95cafcbe,"Madrid, Madrid, Spain, Europe",AcoruAI,https://www.crunchbase.com/organization/acoru,Series A,10000000,EUR,11599448,2025-10-21,"Cyber Security, Fraud Detection, Generative AI, Identity Management",33N Ventures
Series A - Equixly,https://www.crunchbase.com/funding_round/equixely-series-a--9c94b445,"Verona, Veneto, Italy, Europe",Equixly,https://www.crunchbase.com/organization/equixely,Series A,10000000,EUR,11628502,2025-12-09,"Agentic AI, Artificial Intelligence (AI), Cyber Security, Enterprise Software, Penetration Testing, Security",33N Ventures
Series A - EVERTRUST,https://www.crunchbase.com/funding_round/evertrust-21dd-series-a--97277dc7,"Paris, Ile-de-France, France, Europe",EVERTRUST,https://www.crunchbase.com/organization/evertrust-21dd,Series A,10000000,EUR,11628502,2025-12-09,"Artificial Intelligence (AI), Cloud Infrastructure, Cyber Security, Information Technology, IT Infrastructure, Software",Elephant
Series A - Citalid,https://www.crunchbase.com/funding_round/citalid-cybersecurity-series-a--3531d7f8,"Paris, Ile-de-France, France, Europe",Citalid,https://www.crunchbase.com/organization/citalid-cybersecurity,Series A,12000000,EUR,11645963,2022-10-12,"Cyber Security, Network Security, Risk Management",Seventure Partners
Series A - Averon,https://www.crunchbase.com/funding_round/averon-series-a--6ea470ce,"San Francisco, California, United States, North America",Averon,https://www.crunchbase.com/organization/averon,Series A,11700000,USD,11700000,2018-03-21,"Cyber Security, Enterprise Software, Mobile, Ride Sharing, Security","Avalon Ventures, Marc Benioff"
Series A - Code Intelligence,https://www.crunchbase.com/funding_round/code-intelligence-series-a--2a93ee7e,"Bonn, Nordrhein-Westfalen, Germany, Europe",Code Intelligence,https://www.crunchbase.com/organization/code-intelligence,Series A,11000000,EUR,11716424,2022-06-01,"Artificial Intelligence (AI), Cyber Security, DevOps, Network Security, Penetration Testing",Tola Capital
Series A - TruU,https://www.crunchbase.com/funding_round/truu-series-a--7062ec3e,"Santa Clara, California, United States, North America",TruU,https://www.crunchbase.com/organization/truu,Series A,11850000,USD,11850000,2020-04-02,"Cyber Security, Identity Management, Physical Security, Security",CXO Fund
Series A - Noxtua,https://www.crunchbase.com/funding_round/xain-group-series-a--547d3d9a,"Berlin, Berlin, Germany, Europe",Noxtua,https://www.crunchbase.com/organization/xain-group,Series A,10100000,EUR,11854878,2021-08-09,"Artificial Intelligence (AI), Cyber Security, Legal Tech, Machine Learning, Privacy, Software","Global Brain Corporation, KDDI Open Innovation Fund"
Series A - CryptoNext Security,https://www.crunchbase.com/funding_round/cryptonext-security-series-a--0bcdf289,"Paris, Ile-de-France, France, Europe",CryptoNext Security,https://www.crunchbase.com/organization/cryptonext-security,Series A,11000000,EUR,11982845,2023-11-30,"Cloud Security, Cyber Security, Network Security, SaaS, Security, Software","AVP, Quantonation"
Series A - Mesh Security,https://www.crunchbase.com/funding_round/mesh-security-series-a--fcdc03b0,"Palo Alto, California, United States, North America",Mesh Security,https://www.crunchbase.com/organization/mesh-security,Series A,12000000,USD,12000000,2026-01-28,"Cloud Security, Cyber Security, SaaS, Software",lobby capital
Series A - Secfix,https://www.crunchbase.com/funding_round/requestee-series-a--9c8ef94b,"Munich, Bayern, Germany, Europe",Secfix,https://www.crunchbase.com/organization/requestee,Series A,12000000,USD,12000000,2026-02-25,"Artificial Intelligence (AI), Cloud Security, Compliance, Cyber Security, Risk Management",Alstin Capital
Series A - Impart Security,https://www.crunchbase.com/funding_round/impart-security-series-a--43ddab69,"San Francisco, California, United States, North America",Impart Security,https://www.crunchbase.com/organization/impart-security,Series A,12000000,USD,12000000,2025-06-05,"Artificial Intelligence (AI), Cloud Security, Cyber Security, Network Security",Madrona
Series A - Pantherun Technologies,https://www.crunchbase.com/funding_round/pantherun-series-a--f95b34c0,"Bangalore, Karnataka, India, Asia",Pantherun Technologies,https://www.crunchbase.com/organization/pantherun,Series A,12000000,USD,12000000,2025-10-10,"Cyber Security, Industrial Design, Internet of Things, Semiconductor","Lucky Investment Managers, Sahasrar Capital"
Series A - Doubleword,https://www.crunchbase.com/funding_round/titanml-series-a--8f140508,"London, England, United Kingdom, Europe",Doubleword,https://www.crunchbase.com/organization/titanml,Series A,12000000,USD,12000000,2025-05-08,"Artificial Intelligence (AI), Cyber Security, Developer APIs, Information Technology, Internet, SaaS",Dawn Capital
Series A - Riot,https://www.crunchbase.com/funding_round/riot-abea-series-a--debd5940,"San Francisco, California, United States, North America",Riot,https://www.crunchbase.com/organization/riot-abea,Series A,12000000,USD,12000000,2023-02-07,"Cyber Security, Network Security, Software, Training",Base10 Partners
Series A - Compyl,https://www.crunchbase.com/funding_round/compyl-series-a--6f763641,"Brooklyn, New York, United States, North America",Compyl,https://www.crunchbase.com/organization/compyl,Series A,12000000,USD,12000000,2025-06-04,"Compliance, Cyber Security, Information Technology, Risk Management, Security, Software",Venture Guides
Series A - Tamnoon,https://www.crunchbase.com/funding_round/tamnoon-2acb-series-a--6a259280,"Sammamish, Washington, United States, North America",Tamnoon,https://www.crunchbase.com/organization/tamnoon-2acb,Series A,12000000,USD,12000000,2024-09-25,"Artificial Intelligence (AI), Cloud Security, Computer, Cyber Security, Network Security",Bright Pixel Capital
Series A - iVerify,https://www.crunchbase.com/funding_round/iverify-df7e-series-a--500a7672,"Long Island City, New York, United States, North America",iVerify,https://www.crunchbase.com/organization/iverify-df7e,Series A,12000000,USD,12000000,2024-06-26,"Cyber Security, Information Technology, Mobile, Network Security",Shine Capital
Series A - VulnCheck,https://www.crunchbase.com/funding_round/vulncheck-series-a--154a0f13,"Lexington, Massachusetts, United States, North America",VulnCheck,https://www.crunchbase.com/organization/vulncheck,Series A,12000000,USD,12000000,2025-03-18,"Artificial Intelligence (AI), Cyber Security, Information Technology, Network Security",Ten Eleven Ventures
Series A - Indegy,https://www.crunchbase.com/funding_round/indegy-series-a--7cbb147d,"New York, New York, United States, North America",Indegy,https://www.crunchbase.com/organization/indegy,Series A,12000000,USD,12000000,2016-07-13,"Cyber Security, Industrial, Infrastructure","Vertex Ventures, Vertex Ventures Israel"
Series A - Whistic,https://www.crunchbase.com/funding_round/whistic-series-a--3edea8da,"Pleasant Grove, Utah, United States, North America",Whistic,https://www.crunchbase.com/organization/whistic,Series A,12000000,USD,12000000,2020-07-29,"Compliance, Cyber Security, Network Security, Risk Management, SaaS",Emergence Capital
Series A - SentinelOne,https://www.crunchbase.com/funding_round/sentinel-series-a--57853692,"Mountain View, California, United States, North America",SentinelOne,https://www.crunchbase.com/organization/sentinel,Series A,12000000,USD,12000000,2014-04-23,"Artificial Intelligence (AI), Cyber Security, Network Security, Security",Tiger Global Management
Series A - Dasera,https://www.crunchbase.com/funding_round/dasera-series-a--b52bc94e,"Mountain View, California, United States, North America",Dasera,https://www.crunchbase.com/organization/dasera,Series A,12000000,USD,12000000,2023-04-19,"Cloud Security, Cyber Security, Data Governance, Data Management, Software",Storm Ventures
Series A - Docker,https://www.crunchbase.com/funding_round/docker-series-a--7d607b93,"Palo Alto, California, United States, North America",Docker,https://www.crunchbase.com/organization/docker,Series A,12000000,USD,12000000,2011-03-15,"Cyber Security, Developer Platform, Developer Tools, DevOps, Information Technology, Software",
Series A - Bureau,https://www.crunchbase.com/funding_round/bureau-6b80-series-a--11cacb48,"San Francisco, California, United States, North America",Bureau,https://www.crunchbase.com/organization/bureau-6b80,Series A,12000000,USD,12000000,2021-12-16,"Cyber Security, Fraud Detection, Identity Management, Risk Management",Quona Capital
Series A - Zivver,https://www.crunchbase.com/funding_round/zivver-series-a--6edec1b8,"Amsterdam, Noord-Holland, The Netherlands, Europe",Zivver,https://www.crunchbase.com/organization/zivver,Series A,12000000,USD,12000000,2018-10-16,"Cyber Security, Information Technology, Messaging, Software",Dawn Capital
Series A - Tailscale,https://www.crunchbase.com/funding_round/tailscale-series-a--ea8d6a5f,"Toronto, Ontario, Canada, North America",Tailscale,https://www.crunchbase.com/organization/tailscale,Series A,12000000,USD,12000000,2020-11-10,"Cyber Security, Information Technology, Infrastructure, Network Security",Accel
Series A - Respond Software,https://www.crunchbase.com/funding_round/respond-software-series-a--aa13c3b7,"Mountain View, California, United States, North America",Respond Software,https://www.crunchbase.com/organization/respond-software,Series A,12000000,USD,12000000,2017-08-16,"Cyber Security, Enterprise, Information Technology, Security, Software","CRV, Foundation Capital"
Series A - SAM Seamless Network,https://www.crunchbase.com/funding_round/sam-seamless-network-series-a--4078e814,"Tel Aviv, Tel Aviv, Israel, Asia",SAM Seamless Network,https://www.crunchbase.com/organization/sam-seamless-network,Series A,12000000,USD,12000000,2018-11-14,"Cyber Security, Enterprise Software, Internet of Things, Network Security, Software",Intel Capital
Series A - Rubicon Labs,https://www.crunchbase.com/funding_round/rubicon-labs-series-a--ff4d9410,"San Francisco, California, United States, North America",Rubicon Labs,https://www.crunchbase.com/organization/rubicon-labs,Series A,12000000,USD,12000000,2014-10-29,"Cyber Security, Internet of Things, Network Security, Software","Pelion Venture Partners, Third Point Ventures"
Series A - PROFICIO,https://www.crunchbase.com/funding_round/proficio-series-a--62d398f7,"Carlsbad, California, United States, North America",PROFICIO,https://www.crunchbase.com/organization/proficio,Series A,12000000,USD,12000000,2016-11-27,"Cloud Data Services, Cryptocurrency, Cyber Security, Software",Kayne Anderson Growth Capital
Series A - BluBracket,https://www.crunchbase.com/funding_round/blubracket-series-a--299dcbda,"Palo Alto, California, United States, North America",BluBracket,https://www.crunchbase.com/organization/blubracket,Series A,12000000,USD,12000000,2021-05-13,"Cyber Security, Enterprise Software, Software",Evolution Equity Partners
Series A - Dathena Science,https://www.crunchbase.com/funding_round/dathena-science-series-a--66f40045,"Singapore, Central Region, Singapore, Asia",Dathena Science,https://www.crunchbase.com/organization/dathena-science,Series A,12000000,USD,12000000,2020-05-13,"Artificial Intelligence (AI), Big Data, Cyber Security, Machine Learning, Natural Language Processing",Jungle Ventures
Series A - JASK,https://www.crunchbase.com/funding_round/jask-labs-inc-series-a--d5788983,"Austin, Texas, United States, North America",JASK,https://www.crunchbase.com/organization/jask-labs-inc,Series A,12000000,USD,12000000,2017-06-27,"Cyber Security, Security, Software","Dell Technologies Capital, Ten Eleven Ventures"
Series A - StrikeReady,https://www.crunchbase.com/funding_round/strikeready-series-a--619ad762,"Palo Alto, California, United States, North America",StrikeReady,https://www.crunchbase.com/organization/strikeready,Series A,12000000,USD,12000000,2024-04-09,"Cyber Security, Information Technology",33N Ventures
Series A - Cylus,https://www.crunchbase.com/funding_round/cylus-series-a--f1dd474d,"Tel Aviv, Tel Aviv, Israel, Asia",Cylus,https://www.crunchbase.com/organization/cylus,Series A,12000000,USD,12000000,2019-01-16,"Cyber Security, Railroad, Transportation","Magma Venture Partners, Vertex Ventures Israel"
Series A - Corsha,https://www.crunchbase.com/funding_round/corsha-series-a--c5e72775,"Vienna, Virginia, United States, North America",Corsha,https://www.crunchbase.com/organization/corsha,Series A,12000000,USD,12000000,2022-04-05,"Cloud Security, Cyber Security, Identity Management, SaaS, Security","Razor's Edge Ventures, Ten Eleven Ventures"
Series A - GitGuardian,https://www.crunchbase.com/funding_round/gitguardian-series-a--631b5259,"Paris, Ile-de-France, France, Europe",GitGuardian,https://www.crunchbase.com/organization/gitguardian,Series A,12000000,USD,12000000,2019-12-04,"Cloud Security, Computer, Cyber Security, DevOps, Software",Balderton Capital
Series A - C1 (formerly ConductorOne),https://www.crunchbase.com/funding_round/conductorone-series-a--a676f0b2,"San Francisco, California, United States, North America",C1 (formerly ConductorOne),https://www.crunchbase.com/organization/conductorone,Series A,12000000,USD,12000000,2023-08-08,"Artificial Intelligence (AI), Cloud Security, Cyber Security, Developer Tools, Enterprise Software, Identity Management, IT Management, Security, Software",Felicis
Series A - Shape Matrix,https://www.crunchbase.com/funding_round/shape-matrix-series-a--c9472202,"Brooklyn, New York, United States, North America",Shape Matrix,https://www.crunchbase.com/organization/shape-matrix,Series A,12000000,USD,12000000,2018-05-30,"Asset Management, Big Data, Cyber Security, Data Visualization, Enterprise Software, Identity Management, Industrial Manufacturing, Supply Chain Management",
Series A - Oloid,https://www.crunchbase.com/funding_round/oloid-ai-series-a--b86e679b,"Sunnyvale, California, United States, North America",Oloid,https://www.crunchbase.com/organization/oloid-ai,Series A,12000000,USD,12000000,2022-02-08,"Biometrics, Cyber Security, Identity Management, SaaS, Software",Dell Technologies Capital
Series A - CyberQP,https://www.crunchbase.com/funding_round/quickpass-fd08-series-a--ec571a73,"North Vancouver, British Columbia, Canada, North America",CyberQP,https://www.crunchbase.com/organization/quickpass-fd08,Series A,12000000,USD,12000000,2023-04-24,"Computer, Cyber Security, Software",Arthur Ventures
Series A - RiskRecon,https://www.crunchbase.com/funding_round/riskrecon-series-a--97ad76bb,"Salt Lake City, Utah, United States, North America",RiskRecon,https://www.crunchbase.com/organization/riskrecon,Series A,12000000,USD,12000000,2017-06-01,"Cyber Security, Network Security, SaaS, Security",Dell Technologies Capital
Series A - QuintessenceLabs,https://www.crunchbase.com/funding_round/quintessencelabs-series-a--719cf95b,"Canberra, Australian Capital Territory, Australia, Oceania",QuintessenceLabs,https://www.crunchbase.com/organization/quintessencelabs,Series A,12000000,USD,12000000,2014-02-01,"Computer, Cyber Security, Network Security, Quantum Computing",
Series A - Dattak,https://www.crunchbase.com/funding_round/dattak-series-a--f04fb0de,"Paris, Ile-de-France, France, Europe",Dattak,https://www.crunchbase.com/organization/dattak,Series A,11000000,EUR,12022475,2023-08-30,"Cyber Security, Insurance, InsurTech, Risk Management",BREEGA
Series A - Patrowl,https://www.crunchbase.com/funding_round/patrowl-series-a--2c97da70,"Paris, Ile-de-France, France, Europe",Patrowl,https://www.crunchbase.com/organization/patrowl,Series A,11000000,EUR,12139271,2024-09-09,"Cyber Security, Penetration Testing, Risk Management, SaaS, Software",
Series A - Netacea,https://www.crunchbase.com/funding_round/netacea-series-a--f2d915bd,"Manchester, Manchester, United Kingdom, Europe",Netacea,https://www.crunchbase.com/organization/netacea,Series A,9000000,GBP,12186568,2022-02-15,"Artificial Intelligence (AI), Cyber Security, Information Technology, Network Security, SaaS",
Series A - Absio,https://www.crunchbase.com/funding_round/iphase3-series-a--e47bf67f,"Denver, Colorado, United States, North America",Absio,https://www.crunchbase.com/organization/iphase3,Series A,12242935,USD,12242935,2014-12-05,"Consulting, Cyber Security, Developer APIs, Developer Tools, Information Technology, Security, Software, Software Engineering",
Series A - Laurel Networks,https://www.crunchbase.com/funding_round/laurel-networks-series-a--74a275ef,"Pittsburgh, Pennsylvania, United States, North America",Laurel Networks,https://www.crunchbase.com/organization/laurel-networks,Series A,12300000,USD,12300000,2000-03-09,"Cloud Data Services, Cyber Security, Infrastructure",New Enterprise Associates
Series A - SecurityScorecard,https://www.crunchbase.com/funding_round/security-scorecard-series-a--5d7426cb,"New York, New York, United States, North America",SecurityScorecard,https://www.crunchbase.com/organization/security-scorecard,Series A,12500000,USD,12500000,2015-04-10,"Cyber Security, Risk Management, Security, Software",Sequoia Capital
Series A - Finite State,https://www.crunchbase.com/funding_round/finite-state-series-a--4c9ba4ba,"Columbus, Ohio, United States, North America",Finite State,https://www.crunchbase.com/organization/finite-state,Series A,12500000,USD,12500000,2020-05-05,"Cyber Security, Internet of Things, Risk Management, Security, Supply Chain Management",Energy Impact Partners
Series A - Luma,https://www.crunchbase.com/funding_round/luma-2-series-a--63cd95a4,"Atlanta, Georgia, United States, North America",Luma,https://www.crunchbase.com/organization/luma-2,Series A,12500000,USD,12500000,2016-04-07,"Cyber Security, Hardware, Internet, Network Security","Accel, Amazon Alexa Fund"
Series A - NodeSource,https://www.crunchbase.com/funding_round/nodesource-series-a--642f05ff,"San Francisco, California, United States, North America",NodeSource,https://www.crunchbase.com/organization/nodesource,Series A,12500000,USD,12500000,2016-04-26,"Application Performance Management, Cloud Infrastructure, Cloud Security, Cyber Security, Enterprise Software, Information Technology, Open Source, SaaS, Software",RRE Ventures
Series A - Valtix,https://www.crunchbase.com/funding_round/valtix-series-a--911bd0d9,"Santa Clara, California, United States, North America",Valtix,https://www.crunchbase.com/organization/valtix,Series A,12500000,USD,12500000,2021-01-21,"Cloud Security, Cyber Security, DevOps, Network Security, SaaS","Cisco Investments, Northgate Capital"
Series A - NowSecure,https://www.crunchbase.com/funding_round/nowsecure-series-a--5356815d,"Chicago, Illinois, United States, North America",NowSecure,https://www.crunchbase.com/organization/nowsecure,Series A,12500000,USD,12500000,2014-12-02,"Apps, Cyber Security, Mobile, Penetration Testing, Security, Software",Baird Capital
Series A - Barkly,https://www.crunchbase.com/funding_round/cylent-systems-series-a--6b7feb01,"Boston, Massachusetts, United States, North America",Barkly,https://www.crunchbase.com/organization/cylent-systems,Series A,12500000,USD,12500000,2015-06-23,"Cyber Security, Network Security, Security",New Enterprise Associates
Series A - Valimail,https://www.crunchbase.com/funding_round/valimail-series-a--059aeb21,"Boulder, Colorado, United States, North America",Valimail,https://www.crunchbase.com/organization/valimail,Series A,12500000,USD,12500000,2016-11-02,"Cyber Security, Email, Internet, Service Industry",Shasta Ventures
Series A - CertifID,https://www.crunchbase.com/funding_round/certifid-series-a--318a7907,"Austin, Texas, United States, North America",CertifID,https://www.crunchbase.com/organization/certifid,Series A,12500000,USD,12500000,2022-05-10,"B2B, Cyber Security, FinTech, Fraud Detection, Real Estate, SaaS",Arthur Ventures
Series A - Conveyor,https://www.crunchbase.com/funding_round/conveyor-9c1e-series-a--2b9706da,"San Francisco, California, United States, North America",Conveyor,https://www.crunchbase.com/organization/conveyor-9c1e,Series A,12500000,USD,12500000,2023-10-11,"Artificial Intelligence (AI), Cloud Security, Compliance, Cyber Security, Risk Management, SaaS, Sales Automation, Software",Cervin Ventures
Series A - Nauticus Networks,https://www.crunchbase.com/funding_round/nauticus-networks-series-a--5999ea9b,"Framingham, Massachusetts, United States, North America",Nauticus Networks,https://www.crunchbase.com/organization/nauticus-networks,Series A,12500000,USD,12500000,2001-02-12,"Cyber Security, Infrastructure, Network Security",
Series A - EverC,https://www.crunchbase.com/funding_round/evercompliant-series-a--3ac99bcc,"New York, New York, United States, North America",EverC,https://www.crunchbase.com/organization/evercompliant,Series A,12501223,USD,12501223,2018-03-12,"Artificial Intelligence (AI), Compliance, Cyber Security, FinTech, Fraud Detection, Information Technology, Machine Learning, Risk Management, Security",Amex Ventures
Series A - Fletch,https://www.crunchbase.com/funding_round/fletch-series-a--0db44f6b,"San Francisco, California, United States, North America",Fletch,https://www.crunchbase.com/organization/fletch,Series A,12550000,USD,12550000,2022-04-01,"Analytics, B2B, Big Data, Cyber Security, Software","August Capital, True Ventures"
Series A - Yige Cloud Technology,https://www.crunchbase.com/funding_round/yige-cloud-technology-series-a--03be0fcc,"Hangzhou, Zhejiang, China, Asia",Yige Cloud Technology,https://www.crunchbase.com/organization/yige-cloud-technology,Series A,90000000,CNY,12584245,2022-11-24,"Cloud Computing, Cloud Data Services, Cloud Security, Cyber Security, Information Technology, IT Management, Security",Vision Plus Capital
Series A - SCATR,https://www.crunchbase.com/funding_round/scatr-caaa-series-a--60c07cdb,"Cleveland, Ohio, United States, North America",SCATR,https://www.crunchbase.com/organization/scatr-caaa,Series A,12600000,USD,12600000,2026-04-22,"Cyber Security, Information Technology, Network Security",First In
Series A - Neverhack,https://www.crunchbase.com/funding_round/neverhack-series-a--ce41584b,"Guyancourt, Ile-de-France, France, Europe",Neverhack,https://www.crunchbase.com/organization/neverhack,Series A,11000000,EUR,12689711,2026-06-10,"Artificial Intelligence (AI), Computer, Consulting, Cyber Security, Information Technology, Network Security, Software, Telecommunications",
Series A - Theta Lake,https://www.crunchbase.com/funding_round/theta-lake-series-a--c3146d59,"Santa Barbara, California, United States, North America",Theta Lake,https://www.crunchbase.com/organization/theta-lake,Series A,12700000,USD,12700000,2020-10-27,"Archiving Service, Compliance, Cyber Security, Data Storage, Ediscovery, FinTech, Natural Language Processing",Lightspeed Venture Partners
Series A - AUTOCRYPT,https://www.crunchbase.com/funding_round/autocrypt-series-a--410e06b4,"Seoul, Seoul-t'ukpyolsi, South Korea, Asia",AUTOCRYPT,https://www.crunchbase.com/organization/autocrypt,Series A,12700000,USD,12700000,2020-09-25,"Automotive, Autonomous Vehicles, Cyber Security, Security, Software",
Series A - Vaultree,https://www.crunchbase.com/funding_round/vaultree-series-a--1b188121,"Cork, Cork, Ireland, Europe",Vaultree,https://www.crunchbase.com/organization/vaultree,Series A,12800000,USD,12800000,2022-12-07,Cyber Security,"Molten Ventures, Ten Eleven Ventures"
Series A - TXOne Networks,https://www.crunchbase.com/funding_round/txone-networks-series-a--e9856f4e,"Taipei, T'ai-pei, Taiwan, Asia",TXOne Networks,https://www.crunchbase.com/organization/txone-networks,Series A,12900000,USD,12900000,2021-08-19,"Cyber Security, Internet of Things, Intrusion Detection, Network Security","JIF Capital, Purestone Capital"
Series A - Discern Security,https://www.crunchbase.com/funding_round/discern-security-series-a--183f7e8a,"Sunnyvale, California, United States, North America",Discern Security,https://www.crunchbase.com/organization/discern-security,Series A,13000000,USD,13000000,2026-07-30,"Artificial Intelligence (AI), Computer, Cyber Security, Network Security",Forgepoint Capital
Series A - Casco,https://www.crunchbase.com/funding_round/casco-7743-series-a--f6e4f65a,"San Francisco, California, United States, North America",Casco,https://www.crunchbase.com/organization/casco-7743,Series A,13000000,USD,13000000,2026-07-16,"Artificial Intelligence (AI), Cyber Security, Software Engineering",Standard Capital
Series A - Axonius,https://www.crunchbase.com/funding_round/axonius-series-a--ce8be80e,"New York, New York, United States, North America",Axonius,https://www.crunchbase.com/organization/axonius,Series A,13000000,USD,13000000,2019-02-12,"Artificial Intelligence (AI), Asset Management, Cloud Security, Cyber Security, Identity Management, Information Technology, Network Security",Bessemer Venture Partners
Series A - Cyberhaven,https://www.crunchbase.com/funding_round/cyberhaven-series-a--931f5d36,"San Francisco, California, United States, North America",Cyberhaven,https://www.crunchbase.com/organization/cyberhaven,Series A,13000000,USD,13000000,2019-12-05,"Artificial Intelligence (AI), Cloud Security, Cyber Security, Information Technology, Network Security, Security","Costanoa Ventures, Vertex Ventures US"
Series A - ClearVector,https://www.crunchbase.com/funding_round/clearvector-series-a--bf24d6de,"Reston, Virginia, United States, North America",ClearVector,https://www.crunchbase.com/organization/clearvector,Series A,13000000,USD,13000000,2025-05-13,"Cloud Security, Cyber Security",Scale Venture Partners
Series A - One Footprint,https://www.crunchbase.com/funding_round/one-footprint-series-a--80dea52d,"New York, New York, United States, North America",One Footprint,https://www.crunchbase.com/organization/one-footprint,Series A,13000000,USD,13000000,2024-05-21,"Compliance, Cyber Security, Data Storage, Fraud Detection, Identity Management, Software",QED Investors
Series A - enSilo,https://www.crunchbase.com/funding_round/ensilo-series-a--e0066438,"San Francisco, California, United States, North America",enSilo,https://www.crunchbase.com/organization/ensilo,Series A,13000000,USD,13000000,2017-05-01,Cyber Security,
Series A - Socure,https://www.crunchbase.com/funding_round/socure-series-a--c54acb34,"Incline Village, Nevada, United States, North America",Socure,https://www.crunchbase.com/organization/socure,Series A,13000000,USD,13000000,2016-12-13,"Artificial Intelligence (AI), Biometrics, Compliance, Cyber Security, Financial Services, Fraud Detection, Information Services, Information Technology, Machine Learning, Predictive Analytics",Flint Capital
Series A - Datacloak,https://www.crunchbase.com/funding_round/datacloak-series-a--1692a87f,"Shenzhen, Guangdong, China, Asia",Datacloak,https://www.crunchbase.com/organization/datacloak,Series A,13000000,USD,13000000,2020-01-07,"Cyber Security, Information Technology, Security, Software","Co-Stone Venture Capital, Green Pine Capital Partners, Jeneration Capital"
Series A - Tessian,https://www.crunchbase.com/funding_round/tessian-series-a--0eaa8eb2,"London, England, United Kingdom, Europe",Tessian,https://www.crunchbase.com/organization/tessian,Series A,13000000,USD,13000000,2018-06-17,"Artificial Intelligence (AI), Cyber Security, Email, Machine Learning, Professional Services","Accel, Balderton Capital"
Series A - SynSaber,https://www.crunchbase.com/funding_round/synsaber-series-a--1772e622,"Chandler, Arizona, United States, North America",SynSaber,https://www.crunchbase.com/organization/synsaber,Series A,13000000,USD,13000000,2022-08-18,"Cyber Security, Enterprise Software, Industrial, Information Technology, Infrastructure, Network Security, Software",SYN Ventures
Series A - Cloudentity,https://www.crunchbase.com/funding_round/syntegrity-networks-series-a--3797673c,"Seattle, Washington, United States, North America",Cloudentity,https://www.crunchbase.com/organization/syntegrity-networks,Series A,13000000,USD,13000000,2020-08-18,"Cyber Security, Identity Management, Security",Forgepoint Capital
Series A - At-Bay,https://www.crunchbase.com/funding_round/at-bay-series-a--10d74a37,"Mountain View, California, United States, North America",At-Bay,https://www.crunchbase.com/organization/at-bay,Series A,13000000,USD,13000000,2018-05-09,"Cyber Security, Finance, Financial Services, Insurance, InsurTech","Keith Rabois, Yoni Cheifetz"
Series A - CalypsoAI,https://www.crunchbase.com/funding_round/calypso-ai-series-a--c3f5a0fa,"Washington, District of Columbia, United States, North America",CalypsoAI,https://www.crunchbase.com/organization/calypso-ai,Series A,13000000,USD,13000000,2020-07-22,"Artificial Intelligence (AI), Cyber Security, Information Technology, Machine Learning",Paladin Capital Group
Series A - SafeToNet,https://www.crunchbase.com/funding_round/safetonet-series-a--f883058f,"Reading, Reading, United Kingdom, Europe",SafeToNet,https://www.crunchbase.com/organization/safetonet,Series A,13000000,USD,13000000,2018-06-01,"Apps, Artificial Intelligence (AI), Child Care, Children, Cyber Security, Information Technology, Machine Learning, Mobile Apps, Security",West Hill Capital
Series A - Segura®,https://www.crunchbase.com/funding_round/segurasecurity-series-a--b9f74a37,"São Paulo, Sao Paulo, Brazil, South America",Segura®,https://www.crunchbase.com/organization/segurasecurity,Series A,13000000,USD,13000000,2022-12-06,"Cloud Security, Cyber Security, Network Security, Security",Graphene Ventures
Series A - FORT Robotics,https://www.crunchbase.com/funding_round/fort-robotics-series-a--8761bd7d,"Philadelphia, Pennsylvania, United States, North America",FORT Robotics,https://www.crunchbase.com/organization/fort-robotics,Series A,13000000,USD,13000000,2021-03-18,"Cyber Security, Industrial Automation, Robotics, Security",Prime Movers Lab
Series A - Mitiga,https://www.crunchbase.com/funding_round/mitiga-series-a--c55722bf,"New York, New York, United States, North America",Mitiga,https://www.crunchbase.com/organization/mitiga,Series A,13000000,USD,13000000,2023-03-14,"Cloud Security, Cyber Security, Network Security, SaaS, Software",ClearSky
Series A - Vdoo,https://www.crunchbase.com/funding_round/vdoo-series-a--1c925700,"Tel Aviv-yafo, Tel Aviv, Israel, Asia",Vdoo,https://www.crunchbase.com/organization/vdoo,Series A,13000000,USD,13000000,2018-01-17,"Cyber Security, Internet of Things, Network Security",83North
Series A - Fortress Information Security,https://www.crunchbase.com/funding_round/fortress-information-security-series-a--dc9bf693,"Orlando, Florida, United States, North America",Fortress Information Security,https://www.crunchbase.com/organization/fortress-information-security,Series A,13000000,USD,13000000,2017-12-31,"Artificial Intelligence (AI), Cyber Security, Network Security, Risk Management, Supply Chain Management",Kassabov|Santos Ventures
Series A - Kaymera,https://www.crunchbase.com/funding_round/kaymera-technologies-series-a--73b7a7d1,"Herzliya, Tel Aviv, Israel, Asia",Kaymera,https://www.crunchbase.com/organization/kaymera-technologies,Series A,13000000,USD,13000000,2015-01-01,"Cyber Security, Mobile, National Security, Security",
Series A - NeoScale Systems,https://www.crunchbase.com/funding_round/neoscale-systems-series-a--497b0f63,"Milpitas, California, United States, North America",NeoScale Systems,https://www.crunchbase.com/organization/neoscale-systems,Series A,13000000,USD,13000000,2002-04-01,"Cyber Security, Data Storage, Enterprise Software, Security",
Series A - Keyavi Data,https://www.crunchbase.com/funding_round/keyavi-series-a--b75319d6,"Denver, Colorado, United States, North America",Keyavi Data,https://www.crunchbase.com/organization/keyavi,Series A,13000000,USD,13000000,2022-08-03,"Cyber Security, Information Technology, Security",
Series A - Semgrep,https://www.crunchbase.com/funding_round/r2c-series-a--0e20e921,"San Francisco, California, United States, North America",Semgrep,https://www.crunchbase.com/organization/r2c,Series A,13000000,USD,13000000,2020-10-29,"Cyber Security, Developer Tools, Network Security, Security, Software",
Series A - ThreatSpike,https://www.crunchbase.com/funding_round/threatspike-labs-series-a--44fa981e,"London, England, United Kingdom, Europe",ThreatSpike,https://www.crunchbase.com/organization/threatspike-labs,Series A,10400000,GBP,13125728,2025-02-17,Cyber Security,Expedition Growth Capital
Series A - BlackWall,https://www.crunchbase.com/funding_round/botguard-series-a--eae5bd2d,"Tallinn, Harjumaa, Estonia, Europe",BlackWall,https://www.crunchbase.com/organization/botguard,Series A,12000000,EUR,13143440,2024-03-13,"Artificial Intelligence (AI), Cyber Security, Network Security, Software",MMC Ventures
Series A - Stellar Cyber,https://www.crunchbase.com/funding_round/stellarcyber-series-a--19ceb007,"Santa Clara, California, United States, North America",Stellar Cyber,https://www.crunchbase.com/organization/stellarcyber,Series A,13200000,USD,13200000,2019-02-26,"Cyber Security, Network Security, Security",Valley Capital Partners
Series A - Cipher Gateway,https://www.crunchbase.com/funding_round/cipher-gateway-series-a--8b91b5ac,"Beijing, Beijing, China, Asia",Cipher Gateway,https://www.crunchbase.com/organization/cipher-gateway,Series A,90000000,CNY,13272966,2023-02-09,"Cloud Computing, Cyber Security",
Series A - Zip Security,https://www.crunchbase.com/funding_round/zip-security-07c3-series-a--9bd28831,"New York, New York, United States, North America",Zip Security,https://www.crunchbase.com/organization/zip-security-07c3,Series A,13500000,USD,13500000,2025-07-14,"Artificial Intelligence (AI), Cyber Security, Management Consulting, Network Security, Security",Ballistic Ventures
Series A - ZeroTier,https://www.crunchbase.com/funding_round/zerotier-networks-series-a--9990846d,"San Francisco, California, United States, North America",ZeroTier,https://www.crunchbase.com/organization/zerotier-networks,Series A,13500000,USD,13500000,2024-07-26,"Cloud Infrastructure, Cyber Security, Information Technology, Network Security","Anorak Ventures, Battery Ventures, Bonfire Ventures"
Series A - Quantum Xchange,https://www.crunchbase.com/funding_round/quantum-xchange-series-a--f459b08d,"Bethesda, Maryland, United States, North America",Quantum Xchange,https://www.crunchbase.com/organization/quantum-xchange,Series A,13500000,USD,13500000,2021-01-07,"Cloud Infrastructure, Computer, Cyber Security, Information Technology, Network Security, Quantum Computing, Risk Management, Security",
Series A - Privacera,https://www.crunchbase.com/funding_round/privacera-series-a--65c1ed80,"San Francisco, California, United States, North America",Privacera,https://www.crunchbase.com/organization/privacera,Series A,13500000,USD,13500000,2020-07-15,"Big Data, Cloud Security, Compliance, Cyber Security, Data Governance, SaaS",Accel
Series A - AuthenTec,https://www.crunchbase.com/funding_round/authentec-series-a--475abe86,"Melbourne Beach, Florida, United States, North America",AuthenTec,https://www.crunchbase.com/organization/authentec,Series A,13500000,USD,13500000,1999-12-01,"Biometrics, Cyber Security, Identity Management, Mobile, NFC, Security, Semiconductor, Sensor",
Series A - Strike,https://www.crunchbase.com/funding_round/strike-8f4c-series-a--e5ebd2e9,"Miami, Florida, United States, North America",Strike,https://www.crunchbase.com/organization/strike-8f4c,Series A,13600000,USD,13600000,2025-03-26,"Artificial Intelligence (AI), Cyber Security, Network Security, Penetration Testing",FinTech Collective
Series A - TrueFort,https://www.crunchbase.com/funding_round/truefort-series-a--023f9fad,"Weehawken, New Jersey, United States, North America",TrueFort,https://www.crunchbase.com/organization/truefort,Series A,13700000,USD,13700000,2019-06-20,"Cloud Security, Cyber Security, Software",Evolution Equity Partners
Series A - CrowdSec,https://www.crunchbase.com/funding_round/crowdsec-series-a--6df72648,"Montrouge, Ile-de-France, France, Europe",CrowdSec,https://www.crunchbase.com/organization/crowdsec,Series A,14000000,EUR,13705013,2022-10-06,"Cloud Security, Cyber Security, Network Security, Open Source","BREEGA, Supernova Invest"
Series A - Baobab,https://www.crunchbase.com/funding_round/baobab-15b3-series-a--ad3503ed,"Berlin, Berlin, Germany, Europe",Baobab,https://www.crunchbase.com/organization/baobab-15b3,Series A,12000000,EUR,13705326,2025-06-04,"Cyber Security, Insurance","eCAPITAL ENTREPRENEURIAL PARTNERS, Viola FinTech"
Series A - Saibo Kunlun,https://www.crunchbase.com/funding_round/saibo-kunlun-series-a--bc57e707,"Beijing, Beijing, China, Asia",Saibo Kunlun,https://www.crunchbase.com/organization/saibo-kunlun,Series A,100000000,CNY,13810629,2023-07-03,"Cloud Security, Cyber Security, Network Security",Fortune Venture Capital
Series A - Build38,https://www.crunchbase.com/funding_round/build38-series-a--c813f1fd,"Munich, Bayern, Germany, Europe",Build38,https://www.crunchbase.com/organization/build38,Series A,13000000,EUR,13950219,2023-02-07,"Artificial Intelligence (AI), Cyber Security, Mobile Apps, Mobile Payments, Security",Tikehau Capital
Series A - Feroot Security,https://www.crunchbase.com/funding_round/feroot-series-a--16f275ed,"Toronto, Ontario, Canada, North America",Feroot Security,https://www.crunchbase.com/organization/feroot,Series A,14000000,USD,14000000,2025-11-18,"Cyber Security, Enterprise Software, Privacy, SaaS","Preface Ventures, True Ventures"
Series A - Dreadnode,https://www.crunchbase.com/funding_round/dreadnode-series-a--aad8ea29,"Bozeman, Montana, United States, North America",Dreadnode,https://www.crunchbase.com/organization/dreadnode,Series A,14000000,USD,14000000,2025-02-25,"Artificial Intelligence (AI), Cyber Security, Network Security",Decibel Partners
Series A - SentiLink,https://www.crunchbase.com/funding_round/sentilink-series-a--35dcc9df,"San Francisco, California, United States, North America",SentiLink,https://www.crunchbase.com/organization/sentilink,Series A,14000000,USD,14000000,2019-03-26,"Cyber Security, Fraud Detection, Identity Management, Information Technology, Network Security",Andreessen Horowitz
Series A - VanishID,https://www.crunchbase.com/funding_round/picnic-2421-series-a--dacb49eb,"Washington, District of Columbia, United States, North America",VanishID,https://www.crunchbase.com/organization/picnic-2421,Series A,14000000,USD,14000000,2022-02-23,"Cyber Security, Network Security, Software","Crosslink Capital, Energy Impact Partners, Rally Ventures"
Series A - Sqreen,https://www.crunchbase.com/funding_round/sqreen-series-a--2d273c53,"San Francisco, California, United States, North America",Sqreen,https://www.crunchbase.com/organization/sqreen,Series A,14000000,USD,14000000,2019-04-02,"Cyber Security, Developer Tools, SaaS, Software",Greylock
Series A - Styra,https://www.crunchbase.com/funding_round/styra-series-a--eac77a52,"Redwood City, California, United States, North America",Styra,https://www.crunchbase.com/organization/styra,Series A,14000000,USD,14000000,2019-11-12,"Cloud Infrastructure, Cloud Management, Cloud Security, Cyber Security, Software",Accel
Series A - Survela,https://www.crunchbase.com/funding_round/survela-series-a--bcf2a2f7,"Los Altos, California, United States, North America",Survela,https://www.crunchbase.com/organization/survela,Series A,14000000,USD,14000000,2016-08-03,"Cyber Security, Enterprise, Enterprise Software, Information Technology, Internet, Security, Software, Wireless",Trident Capital
Series A - Bridgecrew,https://www.crunchbase.com/funding_round/bridgecrew-series-a--22e49865,"San Francisco, California, United States, North America",Bridgecrew,https://www.crunchbase.com/organization/bridgecrew,Series A,14000000,USD,14000000,2020-04-16,"Cloud Data Services, Cloud Security, Cyber Security",Battery Ventures
Series A - Clear Skye,https://www.crunchbase.com/funding_round/clear-skye-inc-series-a--5bb7ca4f,"Emeryville, California, United States, North America",Clear Skye,https://www.crunchbase.com/organization/clear-skye-inc,Series A,14000000,USD,14000000,2022-03-24,"Compliance, Cyber Security, Information Technology","Storm Ventures, Toba Capital"
Series A - 4iQ,https://www.crunchbase.com/funding_round/4iq-series-a--4b9b749e,"Los Altos, California, United States, North America",4iQ,https://www.crunchbase.com/organization/4iq,Series A,14000000,USD,14000000,2016-10-04,"Artificial Intelligence (AI), Cyber Security, Information Technology, Internet, Security, Software",Forgepoint Capital
Series A - Vera,https://www.crunchbase.com/funding_round/veradocs-series-a--311c6335,"Palo Alto, California, United States, North America",Vera,https://www.crunchbase.com/organization/veradocs,Series A,14000000,USD,14000000,2014-11-18,"Cyber Security, Enterprise Software, Information Technology, Security",Battery Ventures
Series A - ArmorCode,https://www.crunchbase.com/funding_round/armorcode-inc-series-a--27fff2e0,"Palo Alto, California, United States, North America",ArmorCode,https://www.crunchbase.com/organization/armorcode-inc,Series A,14000000,USD,14000000,2022-11-16,"Cyber Security, Information Technology, Network Security, Software",Ballistic Ventures
Series A - BigID,https://www.crunchbase.com/funding_round/bigid-series-a--d3b7199c,"New York, New York, United States, North America",BigID,https://www.crunchbase.com/organization/bigid,Series A,14000000,USD,14000000,2018-01-29,"Artificial Intelligence (AI), Big Data, Cyber Security, Risk Management, Software",ClearSky
Series A - Banyan Security,https://www.crunchbase.com/funding_round/banyanops-series-a--8b597b7f,"San Francisco, California, United States, North America",Banyan Security,https://www.crunchbase.com/organization/banyanops,Series A,14000000,USD,14000000,2019-11-21,"Cyber Security, Enterprise Software, Information Technology, Security, Software",Shasta Ventures
Series A - Axis Security,https://www.crunchbase.com/funding_round/axis-security-series-a--dfb91c63,"San Mateo, California, United States, North America",Axis Security,https://www.crunchbase.com/organization/axis-security,Series A,14000000,USD,14000000,2020-03-17,"Cloud Security, Cyber Security, Information Technology, Network Security, Software",Ten Eleven Ventures
Series A - Valtix,https://www.crunchbase.com/funding_round/valtix-series-a--8cc470a6,"Santa Clara, California, United States, North America",Valtix,https://www.crunchbase.com/organization/valtix,Series A,14000000,USD,14000000,2019-06-19,"Cloud Security, Cyber Security, DevOps, Network Security, SaaS",
Series A - ProtectWise,https://www.crunchbase.com/funding_round/protectwise-series-a--ffdb3f61,"Denver, Colorado, United States, North America",ProtectWise,https://www.crunchbase.com/organization/protectwise,Series A,14100000,USD,14100000,2014-06-10,"Cloud Security, Cyber Security, Network Security, SaaS",
Series A - CLUSH,https://www.crunchbase.com/funding_round/clush-series-a--990bef82,"Seoul, Seoul-t'ukpyolsi, South Korea, Asia",CLUSH,https://www.crunchbase.com/organization/clush,Series A,20000000000,KRW,14286360,2024-11-20,"Artificial Intelligence (AI), Cloud Management, Cyber Security, Private Cloud, Real Time","AON Investment, P&I Investment"
Series A - Compellent Technologies,https://www.crunchbase.com/funding_round/compellent-technologies-series-a--0d7c06bd,"Eden Prairie, Minnesota, United States, North America",Compellent Technologies,https://www.crunchbase.com/organization/compellent-technologies,Series A,14310000,USD,14310000,2003-07-18,"Cyber Security, Network Security, Software",Cargill Ventures
Series A - Versa Networks,https://www.crunchbase.com/funding_round/versa-networks-series-a--cf1bbc55,"Santa Clara, California, United States, North America",Versa Networks,https://www.crunchbase.com/organization/versa-networks,Series A,14350000,USD,14350000,2012-11-27,"Cyber Security, Information Technology, Infrastructure, Network Security",Sequoia Capital
Series A - ArcSight,https://www.crunchbase.com/funding_round/arcsight-inc-series-a--b21e6291,"Palo Alto, California, United States, North America",ArcSight,https://www.crunchbase.com/organization/arcsight-inc,Series A,14439000,USD,14439000,2000-01-01,"Cyber Security, Enterprise, Information Technology, Risk Management, Security, Software",
Series A - Concentric AI,https://www.crunchbase.com/funding_round/concentric-inc-series-a--5086d1da,"San Jose, California, United States, North America",Concentric AI,https://www.crunchbase.com/organization/concentric-inc,Series A,14500000,USD,14500000,2022-05-11,"Artificial Intelligence (AI), Cyber Security, Network Security, Software",Ballistic Ventures
Series A - DataVisor,https://www.crunchbase.com/funding_round/datavisor-series-a--c6eb9c39,"Mountain View, California, United States, North America",DataVisor,https://www.crunchbase.com/organization/datavisor,Series A,14500000,USD,14500000,2015-10-13,"Artificial Intelligence (AI), Big Data, Cyber Security, Fraud Detection, Machine Learning","GSR Ventures, New Enterprise Associates"
Series A - Alto,https://www.crunchbase.com/funding_round/alto-d162-series-a--027844fa,"Dallas, Texas, United States, North America",Alto,https://www.crunchbase.com/organization/alto-d162,Series A,14500000,USD,14500000,2019-01-22,"Automotive, Cyber Security, Hospitality, Information Technology, Ride Sharing, Software, Transportation",Road Ventures
Series A - CAF,https://www.crunchbase.com/funding_round/caf-7431-series-a--c7652840,"Rio Grande Do Sul, Rio Grande do Sul, Brazil, South America",CAF,https://www.crunchbase.com/organization/caf-7431,Series A,80000000,BRL,14547303,2022-07-21,"Artificial Intelligence (AI), Cyber Security, Fraud Detection, Information Services, Information Technology, Professional Services, Security",Parallax Ventures
Series A - RedSeal,https://www.crunchbase.com/funding_round/redseal-systems-series-a--6001d9ea,"Sunnyvale, California, United States, North America",RedSeal,https://www.crunchbase.com/organization/redseal-systems,Series A,14600000,USD,14600000,2006-04-28,"Analytics, Computer, Cyber Security, Mobile, Security, Software",Venrock
Series A - Alsid,https://www.crunchbase.com/funding_round/alsid-series-a--7d42c8b5,"Paris, Ile-de-France, France, Europe",Alsid,https://www.crunchbase.com/organization/alsid,Series A,13000000,EUR,14685698,2019-04-17,"Cyber Security, Information Technology, Security",Idinvest Partners
Series A - Garrison Technology,https://www.crunchbase.com/funding_round/garrison-technology-series-a--89f4a1ec,"London, England, United Kingdom, Europe",Garrison Technology,https://www.crunchbase.com/organization/garrison-technology,Series A,12000000,GBP,14686624,2017-03-06,"Cyber Security, Network Security",Touchstone Innovations
Series A - ForAllSecure,https://www.crunchbase.com/funding_round/forallsecure-series-a--0f22529f,"Pittsburgh, Pennsylvania, United States, North America",ForAllSecure,https://www.crunchbase.com/organization/forallsecure,Series A,14700000,USD,14700000,2019-03-27,"Autonomous Vehicles, Cyber Security, Network Security, Security, Software",
Series A - Avanan,https://www.crunchbase.com/funding_round/avanan-series-a--5969cf52,"New York, New York, United States, North America",Avanan,https://www.crunchbase.com/organization/avanan,Series A,14900000,USD,14900000,2016-05-17,"Artificial Intelligence (AI), Cloud Security, Cyber Security, Email, Internet, Machine Learning, SaaS, Software","Greenfield Cities Holdings, L.P., TPG Growth"
Series A - Insight Technology,https://www.crunchbase.com/funding_round/insight-technology-b26e-series-a--f1e3be46,"Beijing, Beijing, China, Asia",Insight Technology,https://www.crunchbase.com/organization/insight-technology-b26e,Series A,100000000,CNY,14936074,2022-07-08,"Blockchain, Cyber Security, Software",Green Pine Capital Partners
Series A - Sevco Security,https://www.crunchbase.com/funding_round/sevco-security-series-a--1539c4f7,"Austin, Texas, United States, North America",Sevco Security,https://www.crunchbase.com/organization/sevco-security,Series A,14999999,USD,14999999,2021-05-20,"Cyber Security, Information Technology, Network Security, Software",SYN Ventures
Series A - RevEng,https://www.crunchbase.com/funding_round/reveng-series-a--b905e4c1,"London, England, United Kingdom, Europe",RevEng,https://www.crunchbase.com/organization/reveng,Series A,15000000,USD,15000000,2026-05-27,"Artificial Intelligence (AI), Cyber Security, Software Engineering, Web Design, Web Development",NATO Innovation Fund
Series A - WorkOS,https://www.crunchbase.com/funding_round/workos-series-a--2bde4954,"San Francisco, California, United States, North America",WorkOS,https://www.crunchbase.com/organization/workos,Series A,15000000,USD,15000000,2020-05-27,"Cyber Security, Developer APIs, Developer Tools, Identity Management, Information Technology, Operating Systems",Lachy Groom
Series A - Truffle Security,https://www.crunchbase.com/funding_round/truffle-security-series-a--5a3f3c1b,"San Francisco, California, United States, North America",Truffle Security,https://www.crunchbase.com/organization/truffle-security,Series A,15000000,USD,15000000,2021-12-08,"Cyber Security, Information Technology, Network Security, Software",Andreessen Horowitz
Series A - Edera,https://www.crunchbase.com/funding_round/edera-bf39-series-a--73a347fa,"Seattle, Washington, United States, North America",Edera,https://www.crunchbase.com/organization/edera-bf39,Series A,15000000,USD,15000000,2025-02-25,"Artificial Intelligence (AI), Cloud Infrastructure, Cyber Security, Developer APIs, Developer Platform, Enterprise Software, IT Infrastructure",M12 - Microsoft's Venture Fund
Series A - Jericho Security,https://www.crunchbase.com/funding_round/jericho-security-series-a--feafd677,"New York, New York, United States, North America",Jericho Security,https://www.crunchbase.com/organization/jericho-security,Series A,15000000,USD,15000000,2025-04-24,"Cyber Security, Generative AI, Security",Era
Series A - Abstract Security,https://www.crunchbase.com/funding_round/abstract-security-series-a--d639dc09,"San Francisco, California, United States, North America",Abstract Security,https://www.crunchbase.com/organization/abstract-security,Series A,15000000,USD,15000000,2024-10-28,"Artificial Intelligence (AI), Big Data, Cyber Security, Information Technology",Munich Re Ventures
Series A - Cloudsmith,https://www.crunchbase.com/funding_round/cloudsmith-io-series-a--e2b28119,"Belfast, Belfast, United Kingdom, Europe",Cloudsmith,https://www.crunchbase.com/organization/cloudsmith-io,Series A,15000000,USD,15000000,2021-09-21,"Artificial Intelligence (AI), Cloud Computing, Cloud Storage, Content Delivery Network, Cyber Security, Developer Tools, Enterprise Software, SaaS, Security, Software",Tiger Global Management
Series A - TrustLab,https://www.crunchbase.com/funding_round/trust-lab-series-a--72e53690,"Palo Alto, California, United States, North America",TrustLab,https://www.crunchbase.com/organization/trust-lab,Series A,15000000,USD,15000000,2023-06-15,"Artificial Intelligence (AI), Cyber Security, Social Media, Software","Foundation Capital, U.S. Venture Partners"
Series A - Manifest,https://www.crunchbase.com/funding_round/manifest-f544-series-a--f6e26abd,"New York, New York, United States, North America",Manifest,https://www.crunchbase.com/organization/manifest-f544,Series A,15000000,USD,15000000,2025-04-24,"Cyber Security, Software, Supply Chain Management",Ensemble VC
Series A - Truora,https://www.crunchbase.com/funding_round/truora-series-a--605330fc,"Cali, Valle del Cauca, Colombia, South America",Truora,https://www.crunchbase.com/organization/truora,Series A,15000000,USD,15000000,2022-04-04,"Cyber Security, FinTech, Fraud Detection, Identity Management, Risk Management, SaaS","Accel, Propel"
Series A - BreachRx,https://www.crunchbase.com/funding_round/breachrx-series-a--5e8a9a54,"San Francisco, California, United States, North America",BreachRx,https://www.crunchbase.com/organization/breachrx,Series A,15000000,USD,15000000,2025-05-19,"Cyber Security, Privacy, SaaS, Security, Software",Ballistic Ventures
Series A - IONIX,https://www.crunchbase.com/funding_round/cyberpion-series-a--10308b62,"Tel Aviv-yafo, Tel Aviv, Israel, Asia",IONIX,https://www.crunchbase.com/organization/cyberpion,Series A,15000000,USD,15000000,2024-02-06,"Cloud Security, Computer, Cyber Security, Enterprise Software, Network Security",
Series A - 1Kosmos,https://www.crunchbase.com/funding_round/1kosmos-blockid-series-a--a42d09e2,"Edison, New Jersey, United States, North America",1Kosmos,https://www.crunchbase.com/organization/1kosmos-blockid,Series A,15000000,USD,15000000,2021-02-16,"Cyber Security, Identity Management, Security, Software",Forgepoint Capital
Series A - Area 1 Security,https://www.crunchbase.com/funding_round/area-1-security-series-a--33043abf,"Redwood City, California, United States, North America",Area 1 Security,https://www.crunchbase.com/organization/area-1-security,Series A,15000000,USD,15000000,2015-10-14,"Cyber Security, Network Security, Security",Icon Ventures
Series A - Realm Security,https://www.crunchbase.com/funding_round/realm-security-series-a--8e7ea8aa,"Boston, Massachusetts, United States, North America",Realm Security,https://www.crunchbase.com/organization/realm-security,Series A,15000000,USD,15000000,2025-10-08,Cyber Security,Jump Capital
Series A - DNSFilter,https://www.crunchbase.com/funding_round/dnsfilter-series-a--b1d3d2c5,"Washington, District of Columbia, United States, North America",DNSFilter,https://www.crunchbase.com/organization/dnsfilter,Series A,15000000,USD,15000000,2023-08-10,"Cyber Security, Machine Learning, Network Security, Security",
Series A - Team8,https://www.crunchbase.com/funding_round/team8-series-a--668b2018,"Tel Aviv-yafo, Tel Aviv, Israel, Asia",Team8,https://www.crunchbase.com/organization/team8,Series A,15000000,USD,15000000,2014-06-24,"Cyber Security, Financial Services, FinTech, Venture Capital",Marker
Series A - Radiant Security,https://www.crunchbase.com/funding_round/radiantsecurity-series-a--81c63c4d,"San Francisco, California, United States, North America",Radiant Security,https://www.crunchbase.com/organization/radiantsecurity,Series A,15000000,USD,15000000,2023-11-14,"Artificial Intelligence (AI), Cyber Security, Information Technology, Software",N47
Series A - InCountry,https://www.crunchbase.com/funding_round/incountry-series-a--acb7c9a2,"San Francisco, California, United States, North America",InCountry,https://www.crunchbase.com/organization/incountry,Series A,15000000,USD,15000000,2019-07-18,"Artificial Intelligence (AI), Compliance, Cyber Security, Data Management, Data Storage, Information Technology","Arbor Ventures, CRV, Global Founders Capital, Mubadala Capital Ventures"
Series A - Push Security,https://www.crunchbase.com/funding_round/push-security-series-a--65d3f92d,"Boston, Massachusetts, United States, North America",Push Security,https://www.crunchbase.com/organization/push-security,Series A,15000000,USD,15000000,2023-03-28,"Agentic AI, Cyber Security, Developer Tools, Real Time, SaaS, Web Browsers",Google Ventures
Series A - Glean,https://www.crunchbase.com/funding_round/scio-technologies-series-a--526fb02a,"Palo Alto, California, United States, North America",Glean,https://www.crunchbase.com/organization/scio-technologies,Series A,15000000,USD,15000000,2019-03-01,"Agentic AI, Artificial Intelligence (AI), Cyber Security, Enterprise Software, Generative AI, Knowledge Management, Machine Learning, Productivity Tools, Search Engine, Virtual Assistant","Kleiner Perkins, Lightspeed Venture Partners"
Series A - Dtex Systems,https://www.crunchbase.com/funding_round/dtex-systems-series-a--abf7dc9b,"Saratoga, California, United States, North America",Dtex Systems,https://www.crunchbase.com/organization/dtex-systems,Series A,15000000,USD,15000000,2015-02-25,"Business Intelligence, Cyber Security, Predictive Analytics, Risk Management, Security, Software","Norwest, Wing Venture Capital"
Series A - Northbeam,https://www.crunchbase.com/funding_round/northbeam-series-a--f0c00233,"El Segundo, California, United States, North America",Northbeam,https://www.crunchbase.com/organization/northbeam,Series A,15000000,USD,15000000,2022-08-16,"Analytics, Cyber Security, Digital Marketing, Information Technology, Machine Learning, Marketing",Silversmith Capital Partners
Series A - Racktop Systems,https://www.crunchbase.com/funding_round/racktop-systems-series-a--e4772c84,"Fulton, Maryland, United States, North America",Racktop Systems,https://www.crunchbase.com/organization/racktop-systems,Series A,15000000,USD,15000000,2019-03-04,"Cloud Data Services, Cloud Security, Cloud Storage, Compliance, Cyber Security, Data Storage, Flash Storage, Security, Software","Grotech Ventures, Razor's Edge Ventures"
Series A - Zerv,https://www.crunchbase.com/funding_round/zerv-series-a--5c037b85,"Nashville, Tennessee, United States, North America",Zerv,https://www.crunchbase.com/organization/zerv,Series A,15000000,USD,15000000,2021-06-29,"Cloud Security, Cyber Security, Information Technology, Mobile Apps, Security","GreenPoint Partners, Taronga Ventures"
Series A - iiDENTIFii,https://www.crunchbase.com/funding_round/iidentifii-series-a--ebe7cea6,"Cape Town, NA - South Africa, South Africa, Africa",iiDENTIFii,https://www.crunchbase.com/organization/iidentifii,Series A,15000000,USD,15000000,2022-09-28,"Biometrics, Cyber Security, Facial Recognition, Identity Management, Image Recognition, Information Technology",Arise
Series A - Bolster AI,https://www.crunchbase.com/funding_round/bolster-inc-series-a--0ae2ec4f,"Santa Clara, California, United States, North America",Bolster AI,https://www.crunchbase.com/organization/bolster-inc,Series A,15000000,USD,15000000,2022-10-18,"Artificial Intelligence (AI), Cyber Security, Fraud Detection, Machine Learning",Cervin Ventures
Series A - Symmetry Systems,https://www.crunchbase.com/funding_round/symmetry-systems-series-a--cbc1f8cd,"San Francisco, California, United States, North America",Symmetry Systems,https://www.crunchbase.com/organization/symmetry-systems,Series A,15000000,USD,15000000,2021-06-23,"Artificial Intelligence (AI), Cloud Security, Cyber Security, Data Management, Information Technology","Forgepoint Capital, Prefix Capital"
"Series A - runZero, Inc",https://www.crunchbase.com/funding_round/rumble-network-discovery-series-a--ac1daa84,"Austin, Texas, United States, North America","runZero, Inc",https://www.crunchbase.com/organization/rumble-network-discovery,Series A,15000000,USD,15000000,2022-03-14,"Asset Management, Cyber Security, Information Technology, Network Security, Software",Decibel Partners
Series A - Cylance,https://www.crunchbase.com/funding_round/cylance-series-a--bca004f7,"Irvine, California, United States, North America",Cylance,https://www.crunchbase.com/organization/cylance,Series A,15000000,USD,15000000,2013-02-13,"Artificial Intelligence (AI), Cyber Security, Enterprise Software, Machine Learning","Fairhaven Capital Partners, Khosla Ventures"
Series A - Turnkey,https://www.crunchbase.com/funding_round/turnkey-c221-series-a--1cd29823,"New York, New York, United States, North America",Turnkey,https://www.crunchbase.com/organization/turnkey-c221,Series A,15000000,USD,15000000,2024-04-23,"Blockchain, Cryptocurrency, Cyber Security, Developer APIs","Faction, Galaxy Digital"
Series A - Remediant,https://www.crunchbase.com/funding_round/remediant-series-a--662a5ac0,"San Francisco, California, United States, North America",Remediant,https://www.crunchbase.com/organization/remediant,Series A,15000000,USD,15000000,2019-08-22,"Cyber Security, Enterprise Software, Information Technology, Software","Dell Technologies Capital, Forgepoint Capital"
Series A - Cohesity,https://www.crunchbase.com/funding_round/cohesity-series-a--76480ef3,"Santa Clara, California, United States, North America",Cohesity,https://www.crunchbase.com/organization/cohesity,Series A,15000000,USD,15000000,2013-11-15,"Analytics, Artificial Intelligence (AI), Cloud Computing, Cloud Data Services, Cyber Security, Data Center, Data Storage, Enterprise Software, Information Technology, Security","Sequoia Capital, Wing Venture Capital"
Series A - Phylum,https://www.crunchbase.com/funding_round/phylum-5e69-series-a--e17480eb,"Evergreen, Colorado, United States, North America",Phylum,https://www.crunchbase.com/organization/phylum-5e69,Series A,15000000,USD,15000000,2022-05-03,"Cyber Security, Developer Tools, Enterprise Software, Software",ClearSky
Series A - GreyNoise Intelligence,https://www.crunchbase.com/funding_round/greynoise-intelligence-series-a--01ae6c92,"Washington, District of Columbia, United States, North America",GreyNoise Intelligence,https://www.crunchbase.com/organization/greynoise-intelligence,Series A,15000000,USD,15000000,2022-06-15,"Analytics, Cyber Security, Information Technology, Internet",Radian Capital
Series A - DeepFactor,https://www.crunchbase.com/funding_round/deepfactor-series-a--1a4aa414,"San Jose, California, United States, North America",DeepFactor,https://www.crunchbase.com/organization/deepfactor,Series A,15000000,USD,15000000,2021-09-21,"Cyber Security, Developer Tools, SaaS, Software",Insight Partners
Series A - NsKnox,https://www.crunchbase.com/funding_round/nsknox-series-a--8d2ae634,"New York, New York, United States, North America",NsKnox,https://www.crunchbase.com/organization/nsknox,Series A,15000000,USD,15000000,2019-02-19,"Cyber Security, FinTech, Payments, Security","M12 - Microsoft's Venture Fund, Viola Ventures"
Series A - Hunters,https://www.crunchbase.com/funding_round/hunters-ai-series-a--dd1dc0be,"Tel Aviv, Tel Aviv, Israel, Asia",Hunters,https://www.crunchbase.com/organization/hunters-ai,Series A,15000000,USD,15000000,2020-06-30,"Cyber Security, Information Technology, Network Security, Software","M12 - Microsoft's Venture Fund, U.S. Venture Partners"
Series A - Immutable Systems,https://www.crunchbase.com/funding_round/immutable-systems-series-a--3dbf0d06,"Sydney, New South Wales, Australia, Oceania",Immutable Systems,https://www.crunchbase.com/organization/immutable-systems,Series A,15000000,USD,15000000,2019-09-23,"Blockchain, Cyber Security, Gaming, Security, Software","EOS VC Fund, Naspers"
Series A - Blackpanda,https://www.crunchbase.com/funding_round/blackpanda-series-a--9d67604b,"Singapore, Central Region, Singapore, Asia",Blackpanda,https://www.crunchbase.com/organization/blackpanda,Series A,15000000,USD,15000000,2023-01-18,"Computer, Cyber Security, Information Technology, InsurTech, Network Security","Gaw Capital Partners, Primavera Capital Group"
Series A - Jscrambler,https://www.crunchbase.com/funding_round/jscrambler-series-a--3372099a,"Porto, Lisboa, Portugal, Europe",Jscrambler,https://www.crunchbase.com/organization/jscrambler,Series A,15000000,USD,15000000,2021-09-23,"Artificial Intelligence (AI), Cyber Security, Security, Web Apps, Web Development",Ace Capital Partners
Series A - Oosto,https://www.crunchbase.com/funding_round/oosto-series-a--6841473e,"Holon, Tel Aviv, Israel, Asia",Oosto,https://www.crunchbase.com/organization/oosto,Series A,15000000,USD,15000000,2019-01-14,"Cyber Security, Information Services, Information Technology, Security, Software",Lightspeed Venture Partners
Series A - Panther,https://www.crunchbase.com/funding_round/panther-labs-series-a--d455ebd1,"San Francisco, California, United States, North America",Panther,https://www.crunchbase.com/organization/panther-labs,Series A,15000000,USD,15000000,2020-09-09,"Analytics, Cloud Security, Cyber Security, IT Infrastructure, Open Source",Lightspeed Venture Partners
Series A - Converge,https://www.crunchbase.com/funding_round/converge-f847-series-a--8376de66,"New York, New York, United States, North America",Converge,https://www.crunchbase.com/organization/converge-f847,Series A,15000000,USD,15000000,2023-08-01,"Cyber Security, Insurance, InsurTech, Risk Management",Forgepoint Capital
Series A - DefenseStorm,https://www.crunchbase.com/funding_round/praesidio-inc--series-a--2768f1bc,"Alpharetta, Georgia, United States, North America",DefenseStorm,https://www.crunchbase.com/organization/praesidio-inc-,Series A,15000000,USD,15000000,2019-07-15,"Banking, Cloud Data Services, Compliance, Cyber Security, Fraud Detection, Information Technology",Georgian
Series A - Panorays,https://www.crunchbase.com/funding_round/panorays-series-a--0a52c07b,"New York, New York, United States, North America",Panorays,https://www.crunchbase.com/organization/panorays,Series A,15000000,USD,15000000,2019-12-04,"Cyber Security, Information Technology, Risk Management, Software, Supply Chain Management",Oak HC/FT
Series A - Open Raven,https://www.crunchbase.com/funding_round/open-raven-series-a--196072a4,"Los Angeles, California, United States, North America",Open Raven,https://www.crunchbase.com/organization/open-raven,Series A,15000000,USD,15000000,2020-06-16,"Cyber Security, Network Security",Kleiner Perkins
Series A - C1 (formerly ConductorOne),https://www.crunchbase.com/funding_round/conductorone-series-a--f97d1751,"San Francisco, California, United States, North America",C1 (formerly ConductorOne),https://www.crunchbase.com/organization/conductorone,Series A,15000000,USD,15000000,2022-06-23,"Artificial Intelligence (AI), Cloud Security, Cyber Security, Developer Tools, Enterprise Software, Identity Management, IT Management, Security, Software",Accel
Series A - BforeAI,https://www.crunchbase.com/funding_round/bfore-ai-series-a--4b0853f7,"New York, New York, United States, North America",BforeAI,https://www.crunchbase.com/organization/bfore-ai,Series A,15000000,USD,15000000,2024-04-24,"Artificial Intelligence (AI), Cyber Security, Information Technology, Software",SYN Ventures
Series A - RangeForce,https://www.crunchbase.com/funding_round/vequrity-series-a--9ce1c0d3,"Manassas, Virginia, United States, North America",RangeForce,https://www.crunchbase.com/organization/vequrity,Series A,15000000,USD,15000000,2020-07-28,"Cyber Security, Information Technology, SaaS, Security, Training",Energy Impact Partners
Series A - Query,https://www.crunchbase.com/funding_round/query-ai-series-a--ee4686fb,"Atlanta, Georgia, United States, North America",Query,https://www.crunchbase.com/organization/query-ai,Series A,15000000,USD,15000000,2021-10-19,"Analytics, Cyber Security, Information Technology, SaaS",SYN Ventures
Series A - SafeBreach,https://www.crunchbase.com/funding_round/safebreach-series-a--502d5de1,"Sunnyvale, California, United States, North America",SafeBreach,https://www.crunchbase.com/organization/safebreach,Series A,15000000,USD,15000000,2016-07-26,"Cyber Security, Network Security, Security, Software",
Series A - CyberCube,https://www.crunchbase.com/funding_round/cybercube-series-a--decfce4a,"San Francisco, California, United States, North America",CyberCube,https://www.crunchbase.com/organization/cybercube,Series A,15000000,USD,15000000,2018-03-22,"Analytics, Cyber Security, Insurance, InsurTech, Software",
Series A - Mokn,https://www.crunchbase.com/funding_round/mokn-series-a--dbe428eb,"Paris, Ile-de-France, France, Europe",Mokn,https://www.crunchbase.com/organization/mokn,Series A,12900000,EUR,15011905,2026-05-29,"Cyber Security, Information Technology, Intrusion Detection, Network Security, Software",Google Ventures
Series A - Bug Bounty Switzerland,https://www.crunchbase.com/funding_round/bug-bounty-switzerland-series-a--e3464fb3,"Luzern, Luzern, Switzerland, Europe",Bug Bounty Switzerland,https://www.crunchbase.com/organization/bug-bounty-switzerland,Series A,12000000,CHF,15198569,2026-04-29,"Artificial Intelligence (AI), Consulting, Cyber Security, Information Technology, Network Security","Deutsche Beteiligungs, Direttissima Growth Partners"
Series A - HUAUN,https://www.crunchbase.com/funding_round/huaun-series-a--c5381193,"Haidian, Beijing, China, Asia",HUAUN,https://www.crunchbase.com/organization/huaun,Series A,100000000,CNY,15384852,2021-03-15,"Cyber Security, Security","Cowin Capital, Tongchuang Albert"
Series A - Gravwell,https://www.crunchbase.com/funding_round/gravwell-series-a--c94a5ae4,"Coeur D'alene, Idaho, United States, North America",Gravwell,https://www.crunchbase.com/organization/gravwell,Series A,15400000,USD,15400000,2025-10-21,"Analytics, Cyber Security, Information Technology, SaaS, Security",Two Bear Capital
Series A - Ethena,https://www.crunchbase.com/funding_round/ethena-series-a--6580c44f,"New York, New York, United States, North America",Ethena,https://www.crunchbase.com/organization/ethena,Series A,15500000,USD,15500000,2021-07-19,"Compliance, Corporate Training, Cyber Security, E-Learning, Human Resources, SaaS",Felicis
Series A - SaltStack,https://www.crunchbase.com/funding_round/saltstack-series-a--029d6da0,"Lehi, Utah, United States, North America",SaltStack,https://www.crunchbase.com/organization/saltstack,Series A,15500000,USD,15500000,2018-02-14,"Cloud Management, Cyber Security, Information Technology, IT Management, Software",Mercato Partners
Series A - Apono,https://www.crunchbase.com/funding_round/apono-series-a--dc31660b,"New York, New York, United States, North America",Apono,https://www.crunchbase.com/organization/apono,Series A,15500000,USD,15500000,2024-09-30,"Cloud Security, Cyber Security, DevOps, Information Technology, Software",New Era Capital Partners
Series A - Censys,https://www.crunchbase.com/funding_round/censys-series-a--85f551ef,"Ann Arbor, Michigan, United States, North America",Censys,https://www.crunchbase.com/organization/censys,Series A,15500000,USD,15500000,2020-08-05,"Cyber Security, Network Security, Security","Decibel Partners, Google Ventures"
Series A - Cervello,https://www.crunchbase.com/funding_round/cervello-193c-series-a--5de3751d,"Tel Aviv, Tel Aviv, Israel, Asia",Cervello,https://www.crunchbase.com/organization/cervello-193c,Series A,15500000,USD,15500000,2023-11-01,"Cyber Security, Railroad, Transportation",
Series A - Auditoria.AI,https://www.crunchbase.com/funding_round/auditoria-series-a--bbb8403e,"Santa Clara, California, United States, North America",Auditoria.AI,https://www.crunchbase.com/organization/auditoria,Series A,15500000,USD,15500000,2021-03-31,"Artificial Intelligence (AI), Cyber Security, Finance, FinTech, Machine Learning, SaaS, Software",Venrock
Series A - Ensighten,https://www.crunchbase.com/funding_round/ensighten-series-a--deac9c1c,"Menlo Park, California, United States, North America",Ensighten,https://www.crunchbase.com/organization/ensighten,Series A,15500000,USD,15500000,2012-09-12,"Compliance, Cyber Security, Enterprise Software, Marketing, Privacy",Volition Capital
Series A - Vorlon,https://www.crunchbase.com/funding_round/vorlon-series-a--9b846ea3,"Mountain View, California, United States, North America",Vorlon,https://www.crunchbase.com/organization/vorlon,Series A,15700000,USD,15700000,2024-04-17,Cyber Security,Accel
Series A - Saibo Kunlun,https://www.crunchbase.com/funding_round/saibo-kunlun-series-a--7e2cce95,"Beijing, Beijing, China, Asia",Saibo Kunlun,https://www.crunchbase.com/organization/saibo-kunlun,Series A,100000000,CNY,15701792,2021-12-28,"Cloud Security, Cyber Security, Network Security",CICC
Series A - Fletch,https://www.crunchbase.com/funding_round/fletch-series-a--c2a8bcd9,"San Francisco, California, United States, North America",Fletch,https://www.crunchbase.com/organization/fletch,Series A,15800000,USD,15800000,2021-07-21,"Analytics, B2B, Big Data, Cyber Security, Software",
Series A - CyberRidge,https://www.crunchbase.com/funding_round/cyberridge-d599-series-a--7ac5ce2a,"Tel Aviv, Tel Aviv, Israel, Asia",CyberRidge,https://www.crunchbase.com/organization/cyberridge-d599,Series A,16000000,USD,16000000,2025-10-28,"Cyber Security, Privacy, Security",Arkin Capital
Series A - Hypernative,https://www.crunchbase.com/funding_round/hypernative-series-a--d69283a9,"Herzliya, Tel Aviv, Israel, Asia",Hypernative,https://www.crunchbase.com/organization/hypernative,Series A,16000000,USD,16000000,2024-09-03,"Cyber Security, Information Technology, Machine Learning, Web3",Quantstamp
Series A - Fireblocks,https://www.crunchbase.com/funding_round/fireblocks-series-a--de0c2800,"New York, New York, United States, North America",Fireblocks,https://www.crunchbase.com/organization/fireblocks,Series A,16000000,USD,16000000,2019-06-11,"Blockchain, Cryptocurrency, Cyber Security, FinTech, Payments","Cyberstarts, Eight Roads Ventures, MState - Not Making New Investments, Tenaya Capital"
Series A - BlueTalon,https://www.crunchbase.com/funding_round/bluetalon-series-a--d09d5366,"Redwood City, California, United States, North America",BlueTalon,https://www.crunchbase.com/organization/bluetalon,Series A,16000000,USD,16000000,2016-08-25,"Big Data, Cloud Data Services, Cyber Security, Information Technology",Maverick Ventures
Series A - dope.security,https://www.crunchbase.com/funding_round/dope-security-series-a--78a5b7bb,"Mountain View, California, United States, North America",dope.security,https://www.crunchbase.com/organization/dope-security,Series A,16000000,USD,16000000,2023-03-15,"Cyber Security, Information Technology, Software",Google Ventures
Series A - Mosyle,https://www.crunchbase.com/funding_round/mosyle-series-a--34ddf4bf,"Winter Park, Florida, United States, North America",Mosyle,https://www.crunchbase.com/organization/mosyle,Series A,16000000,USD,16000000,2019-01-28,"Cyber Security, Education, Enterprise Software, Mobile Devices, Software",Elephant
Series A - Spin.AI,https://www.crunchbase.com/funding_round/spintechnology-series-a--52d4c512,"Palo Alto, California, United States, North America",Spin.AI,https://www.crunchbase.com/organization/spintechnology,Series A,16000000,USD,16000000,2022-08-09,"Artificial Intelligence (AI), Cloud Security, Cyber Security, Enterprise Software, SaaS",Blueprint Equity
Series A - Lightspin,https://www.crunchbase.com/funding_round/lightspin-technologies-ltd-series-a--94e84ae2,"Tel Aviv, Tel Aviv, Israel, Asia",Lightspin,https://www.crunchbase.com/organization/lightspin-technologies-ltd,Series A,16000000,USD,16000000,2021-06-23,"Computer, Cyber Security, Network Security",Dell Technologies Capital
Series A - Privitar,https://www.crunchbase.com/funding_round/privitar-series-a--aeb6fe84,"London, England, United Kingdom, Europe",Privitar,https://www.crunchbase.com/organization/privitar,Series A,16000000,USD,16000000,2017-07-18,"Big Data, Cyber Security, Enterprise Software, Privacy, SaaS, Software",Partech
Series A - Deep Sentinel,https://www.crunchbase.com/funding_round/deep-sentinel-series-a--5cc7bb66,"Pleasanton, California, United States, North America",Deep Sentinel,https://www.crunchbase.com/organization/deep-sentinel,Series A,16000000,USD,16000000,2020-03-03,"Cyber Security, E-Commerce, Home Improvement, Home Services, Software",Nationwide Ventures
Series A - Authomize (Now part of Delinea),https://www.crunchbase.com/funding_round/authomzie-series-a--574bc18b,"Tel Aviv, Tel Aviv, Israel, Asia",Authomize (Now part of Delinea),https://www.crunchbase.com/organization/authomzie,Series A,16000000,USD,16000000,2021-05-13,"Cloud Security, Cyber Security, Data Center Automation, Identity Management, Information Technology, Software",Innovation Endeavors
Series A - Duality Technologies,https://www.crunchbase.com/funding_round/duality-series-a--41358030,"Hoboken, New Jersey, United States, North America",Duality Technologies,https://www.crunchbase.com/organization/duality,Series A,16000000,USD,16000000,2019-10-30,"Artificial Intelligence (AI), Cyber Security, Software",Intel Capital
Series A - Prove & Run,https://www.crunchbase.com/funding_round/prove-run-series-a--d5baf52c,"Paris, Ile-de-France, France, Europe",Prove & Run,https://www.crunchbase.com/organization/prove-run,Series A,15000000,EUR,16149593,2023-12-06,"Cyber Security, Information Technology, Internet, Software",Tikehau Capital
Series A - Loti,https://www.crunchbase.com/funding_round/loti-series-a--70011397,"Seattle, Washington, United States, North America",Loti,https://www.crunchbase.com/organization/loti,Series A,16200000,USD,16200000,2025-04-15,"Artificial Intelligence (AI), Cyber Security, Facial Recognition, Fraud Detection, Machine Learning, Public Safety, Reputation",Khosla Ventures
Series A - Filigran,https://www.crunchbase.com/funding_round/filigran-series-a--2295b987,"Paris, Ile-de-France, France, Europe",Filigran,https://www.crunchbase.com/organization/filigran,Series A,15000000,EUR,16257607,2024-02-28,"Cyber Security, Information Technology, Network Security, Software Engineering",Accel
Series A - Outtake,https://www.crunchbase.com/funding_round/outtake-series-a--70c5e4f6,"Brooklyn, New York, United States, North America",Outtake,https://www.crunchbase.com/organization/outtake,Series A,16500000,USD,16500000,2025-04-09,"Artificial Intelligence (AI), Cyber Security, Machine Learning",CRV
Series A - BlueFlag Security,https://www.crunchbase.com/funding_round/blueflag-security-series-a--ea87f4f8,"Sunnyvale, California, United States, North America",BlueFlag Security,https://www.crunchbase.com/organization/blueflag-security,Series A,16500000,USD,16500000,2026-03-23,"Cyber Security, Risk Management, Security, Software","Maverick Ventures, Ten Eleven Ventures"
Series A - Hyperproof,https://www.crunchbase.com/funding_round/hyperproof-series-a--e62ac52e,"Bellevue, Washington, United States, North America",Hyperproof,https://www.crunchbase.com/organization/hyperproof,Series A,16500000,USD,16500000,2021-10-20,"Cloud Computing, Compliance, Cyber Security, Enterprise Software, Risk Management, SaaS, Software",Toba Capital
Series A - Calamu Technologies,https://www.crunchbase.com/funding_round/calamu-technologies-series-a--df674823,"Clinton, New Jersey, United States, North America",Calamu Technologies,https://www.crunchbase.com/organization/calamu-technologies,Series A,16500000,USD,16500000,2022-02-09,"Cyber Security, Data Storage, Information Services",Insight Partners
Series A - Ordr,https://www.crunchbase.com/funding_round/ordr-aec7-series-a--1ed69c85,"Santa Clara, California, United States, North America",Ordr,https://www.crunchbase.com/organization/ordr-aec7,Series A,16500000,USD,16500000,2019-02-26,"Artificial Intelligence (AI), Cloud Computing, Cyber Security, Machine Learning, Network Security, Software",Ten Eleven Ventures
Series A - Armorblox,https://www.crunchbase.com/funding_round/armorblox-series-a--21b2b6a0,"Sunnyvale, California, United States, North America",Armorblox,https://www.crunchbase.com/organization/armorblox,Series A,16500000,USD,16500000,2019-02-20,"Artificial Intelligence (AI), Cyber Security, Information Technology, Internet, Machine Learning",General Catalyst
Series A - Zenity,https://www.crunchbase.com/funding_round/zenity-series-a--aabb0695,"New York, New York, United States, North America",Zenity,https://www.crunchbase.com/organization/zenity,Series A,16500000,USD,16500000,2023-09-12,"AI Infrastructure, Artificial Intelligence (AI), Cloud Security, Cyber Security, Enterprise Software",Intel Capital
Series A - Resistant AI,https://www.crunchbase.com/funding_round/resistant-ai-series-a--9bd9eab1,"Prague, Hlavni mesto Praha, Czech Republic, Europe",Resistant AI,https://www.crunchbase.com/organization/resistant-ai,Series A,16600000,USD,16600000,2021-10-19,"Artificial Intelligence (AI), Banking, Cyber Security, Fraud Detection, Machine Learning, Payments",Google Ventures
Series A - Dropzone AI,https://www.crunchbase.com/funding_round/dropzone-ai-series-a--ef65f217,"Seattle, Washington, United States, North America",Dropzone AI,https://www.crunchbase.com/organization/dropzone-ai,Series A,16850000,USD,16850000,2024-04-25,"Artificial Intelligence (AI), Cyber Security, SaaS",Theory Ventures
Series A - Red Access,https://www.crunchbase.com/funding_round/red-access-series-a--74527b1d,"Tel Aviv, Tel Aviv, Israel, Asia",Red Access,https://www.crunchbase.com/organization/red-access,Series A,17000000,USD,17000000,2025-09-10,"Cyber Security, Information Technology, SaaS",Norwest
Series A - Miggo Security,https://www.crunchbase.com/funding_round/miggo-security-series-a--165f0e3f,"Tel Aviv, Tel Aviv, Israel, Asia",Miggo Security,https://www.crunchbase.com/organization/miggo-security,Series A,17000000,USD,17000000,2025-04-23,"Cyber Security, Information Technology, Internet","SYN Ventures, YL Ventures"
Series A - Twingate,https://www.crunchbase.com/funding_round/twingate-series-a--de3f651d,"Redwood City, California, United States, North America",Twingate,https://www.crunchbase.com/organization/twingate,Series A,17000000,USD,17000000,2020-10-28,"Cloud Security, Cyber Security, DevOps, Information Technology, Network Security",
Series A - 42Crunch,https://www.crunchbase.com/funding_round/42crunch-series-a--74956443,"London, England, United Kingdom, Europe",42Crunch,https://www.crunchbase.com/organization/42crunch,Series A,17000000,USD,17000000,2021-05-19,"Cyber Security, Developer APIs, Network Security, SaaS",Energy Impact Partners
Series A - VinCSS Cybersecurity,https://www.crunchbase.com/funding_round/vincss-cybersecurity-series-a--e53343d4,"Ho Chi Minh City, NA - Vietnam, Vietnam, Asia",VinCSS Cybersecurity,https://www.crunchbase.com/organization/vincss-cybersecurity,Series A,17000000,USD,17000000,2018-06-10,"Automotive, Cyber Security, Information Technology",VINGroup
Series A - Aikido Security,https://www.crunchbase.com/funding_round/aikido-security-series-a--3d9b8bb9,"Ghent, Oost-Vlaanderen, Belgium, Europe",Aikido Security,https://www.crunchbase.com/organization/aikido-security,Series A,17000000,USD,17000000,2024-05-01,"Artificial Intelligence (AI), Cloud Security, Cyber Security, Penetration Testing, Software",Singular
Series A - Cerby,https://www.crunchbase.com/funding_round/cerby-series-a--80c249d7,"San Francisco, California, United States, North America",Cerby,https://www.crunchbase.com/organization/cerby,Series A,17000000,USD,17000000,2023-08-22,"Cloud Security, Cyber Security, Enterprise Software, Identity Management","Bowery Capital, Two Sigma Ventures"
Series A - SlashNext,https://www.crunchbase.com/funding_round/slashnext-series-a--2f67a1eb,"Pleasanton, California, United States, North America",SlashNext,https://www.crunchbase.com/organization/slashnext,Series A,17000000,USD,17000000,2017-04-04,"Cyber Security, Security, Software","Norwest, Wing Venture Capital"
Series A - Monad,https://www.crunchbase.com/funding_round/monad-3a10-series-a--e7ce0764,"San Francisco, California, United States, North America",Monad,https://www.crunchbase.com/organization/monad-3a10,Series A,17000000,USD,17000000,2021-08-26,"Compliance, Cyber Security, DevOps, Information Technology, Network Security, Security",Index Ventures
Series A - StrongDM,https://www.crunchbase.com/funding_round/strongdm-series-a--f7c345b2,"Burlingame, California, United States, North America",StrongDM,https://www.crunchbase.com/organization/strongdm,Series A,17000000,USD,17000000,2020-10-27,"Cloud Security, Cyber Security, Identity Management, Infrastructure, Security, Software",Sequoia Capital
Series A - Fieldguide,https://www.crunchbase.com/funding_round/fieldguide-series-a--1a4d4a81,"San Francisco, California, United States, North America",Fieldguide,https://www.crunchbase.com/organization/fieldguide,Series A,17000000,USD,17000000,2022-03-02,"Accounting, Advice, Agentic AI, Artificial Intelligence (AI), Compliance, Cyber Security, Document Management, FinTech, Risk Management",8VC
Series A - Armis,https://www.crunchbase.com/funding_round/armis-security-series-a--b51af74b,"San Francisco, California, United States, North America",Armis,https://www.crunchbase.com/organization/armis-security,Series A,17000000,USD,17000000,2017-06-06,"Compliance, Cyber Security, Information Technology, Internet of Things, Network Security, Risk Management, Security",
Series A - GATEWATCHER,https://www.crunchbase.com/funding_round/gatewatcher-series-a--cf0f7592,"Paris, Ile-de-France, France, Europe",GATEWATCHER,https://www.crunchbase.com/organization/gatewatcher,Series A,15000000,EUR,17116508,2022-02-10,"Cloud Security, Cyber Security, Information Technology, Network Security, Software",Move Capital
Series A - DataBahn,https://www.crunchbase.com/funding_round/databahn-0ee8-series-a--746b6f4e,"Dallas, Texas, United States, North America",DataBahn,https://www.crunchbase.com/organization/databahn-0ee8,Series A,17249992,USD,17249992,2025-06-26,"Artificial Intelligence (AI), Cyber Security, Data Management, Enterprise Software, Security, Software",Forgepoint Capital
Series A - Ermetic - a Tenable company,https://www.crunchbase.com/funding_round/ermetic-series-a--7f981f4d,"Tel Aviv, Tel Aviv, Israel, Asia",Ermetic - a Tenable company,https://www.crunchbase.com/organization/ermetic,Series A,17250000,USD,17250000,2020-07-29,"Cloud Management, Cloud Security, Cyber Security, Identity Management, SaaS",Accel
Series A - GetReal Security,https://www.crunchbase.com/funding_round/getreal-labs-series-a--37b51c3a,"Austin, Texas, United States, North America",GetReal Security,https://www.crunchbase.com/organization/getreal-labs,Series A,17500000,USD,17500000,2025-03-26,"Artificial Intelligence (AI), Cyber Security, Digital Media, Generative AI",Forgepoint Capital
Series A - Persona,https://www.crunchbase.com/funding_round/persona-188f-series-a--7d93e096,"San Francisco, California, United States, North America",Persona,https://www.crunchbase.com/organization/persona-188f,Series A,17500000,USD,17500000,2020-01-28,"Compliance, Cyber Security, Fraud Detection, Identity Management, Information Technology, SaaS",Coatue
Series A - Harmonic Security,https://www.crunchbase.com/funding_round/harmonic-security-series-a--47d34949,"San Francisco, California, United States, North America",Harmonic Security,https://www.crunchbase.com/organization/harmonic-security,Series A,17500000,USD,17500000,2024-10-02,"Cyber Security, Enterprise Software, Generative AI, Internet, Network Security, Security",N47
Series A - DeNexus,https://www.crunchbase.com/funding_round/denexus-series-a--c3631602,"Boston, Massachusetts, United States, North America",DeNexus,https://www.crunchbase.com/organization/denexus,Series A,17500000,USD,17500000,2024-10-16,"Analytics, Cyber Security, InsurTech, Risk Management, SaaS",PGV
Series A - Skyflow,https://www.crunchbase.com/funding_round/skyflow-8a8d-series-a--69ac2202,"Palo Alto, California, United States, North America",Skyflow,https://www.crunchbase.com/organization/skyflow-8a8d,Series A,17500000,USD,17500000,2020-12-08,"Artificial Intelligence (AI), Cyber Security, Machine Learning, Privacy, Software",Canvas Prime
Series A - CardinalOps,https://www.crunchbase.com/funding_round/cardinalops-ltd-series-a--047c6884,"Tel Aviv, Tel Aviv, Israel, Asia",CardinalOps,https://www.crunchbase.com/organization/cardinalops-ltd,Series A,17500000,USD,17500000,2022-03-03,"Artificial Intelligence (AI), Cyber Security, Network Security, SaaS",Viola Ventures
Series A - Bluelava,https://www.crunchbase.com/funding_round/bluelava-series-a--084a1178,"Menlo Park, California, United States, North America",Bluelava,https://www.crunchbase.com/organization/bluelava,Series A,17500000,USD,17500000,2019-06-07,"Cyber Security, Information Technology, Network Security, Software",ClearSky
Series A - Friss,https://www.crunchbase.com/funding_round/friss-series-a--cab08de6,"Utrecht, Utrecht, The Netherlands, Europe",Friss,https://www.crunchbase.com/organization/friss,Series A,15000000,EUR,17613758,2017-12-12,"Compliance, Cyber Security, Fraud Detection, Information Technology, InsurTech, Risk Management, SaaS, Security, Software","Aquiline Technology Growth, BlackFin Capital Partners"
Series A - Eye Security,https://www.crunchbase.com/funding_round/eye-e4c4-series-a--2107b5fb,"The Hague, Zuid-Holland, The Netherlands, Europe",Eye Security,https://www.crunchbase.com/organization/eye-e4c4,Series A,17000000,EUR,17668836,2022-11-16,"Consulting, Cyber Security, InsurTech, Network Security",Bessemer Venture Partners
Series A - Escape,https://www.crunchbase.com/funding_round/escape-b74e-series-a--0abcf50c,"Paris, Ile-de-France, France, Europe",Escape,https://www.crunchbase.com/organization/escape-b74e,Series A,15400000,EUR,17884621,2026-03-10,"Artificial Intelligence (AI), Cyber Security, Developer APIs, Enterprise Software, Machine Learning, Network Security",Balderton Capital
Series A - Zania,https://www.crunchbase.com/funding_round/zania-47a5-series-a--630a78af,"Palo Alto, California, United States, North America",Zania,https://www.crunchbase.com/organization/zania-47a5,Series A,18000000,USD,18000000,2025-09-30,"Agentic AI, Artificial Intelligence (AI), Compliance, Cyber Security, Enterprise Software, Risk Management",
Series A - Elastio Software,https://www.crunchbase.com/funding_round/elastio-software-series-a--04850432,"Reston, Virginia, United States, North America",Elastio Software,https://www.crunchbase.com/organization/elastio-software,Series A,18000000,USD,18000000,2023-06-14,"Cloud Security, Cyber Security, Information Technology, Network Security, Software, Software Engineering",Venture Guides
Series A - Entro Security,https://www.crunchbase.com/funding_round/entro-cf4f-series-a--7bfd57bf,"Cambridge, Massachusetts, United States, North America",Entro Security,https://www.crunchbase.com/organization/entro-cf4f,Series A,18000000,USD,18000000,2024-06-18,"Cloud Security, Cyber Security, Identity Management, Security",Dell Technologies Capital
Series A - Team8,https://www.crunchbase.com/funding_round/team8-series-a--dfe3b33c,"Tel Aviv-yafo, Tel Aviv, Israel, Asia",Team8,https://www.crunchbase.com/organization/team8,Series A,18000000,USD,18000000,2015-02-10,"Cyber Security, Financial Services, FinTech, Venture Capital",Marker
Series A - Utila,https://www.crunchbase.com/funding_round/utila-1da8-series-a--0492940e,"New York, New York, United States, North America",Utila,https://www.crunchbase.com/organization/utila-1da8,Series A,18000000,USD,18000000,2025-03-19,"Asset Management, Blockchain, Cyber Security, Financial Services",Nyca Partners
Series A - Prompt Security,https://www.crunchbase.com/funding_round/prompt-security-series-a--ab2835b0,"New York, New York, United States, North America",Prompt Security,https://www.crunchbase.com/organization/prompt-security,Series A,18000000,USD,18000000,2024-11-20,"Artificial Intelligence (AI), Cyber Security, Generative AI",Jump Capital
Series A - Borneo,https://www.crunchbase.com/funding_round/borneodata-series-a--698981eb,"Singapore, Central Region, Singapore, Asia",Borneo,https://www.crunchbase.com/organization/borneodata,Series A,18000000,USD,18000000,2021-09-06,"Cloud Infrastructure, Cloud Security, Cyber Security, SaaS, Security","Prosus Ventures, Vulcan Capital"
Series A - Kodem Security,https://www.crunchbase.com/funding_round/kodem-security-series-a--c8638c07,"Tel Aviv-yafo, Tel Aviv, Israel, Asia",Kodem Security,https://www.crunchbase.com/organization/kodem-security,Series A,18000000,USD,18000000,2023-06-13,"Analytics, Cyber Security, Developer APIs, Software",Greylock
Series A - Aim Security,https://www.crunchbase.com/funding_round/aim-security-series-a--9aab4c15,"Tel Aviv, Tel Aviv, Israel, Asia",Aim Security,https://www.crunchbase.com/organization/aim-security,Series A,18000000,USD,18000000,2024-06-16,"Artificial Intelligence (AI), Cyber Security, Network Security, Security",Canaan Partners
Series A - SafeBase,https://www.crunchbase.com/funding_round/safebase-ffd0-series-a--6f40c451,"San Francisco, California, United States, North America",SafeBase,https://www.crunchbase.com/organization/safebase-ffd0,Series A,18000000,USD,18000000,2022-03-10,"Cloud Security, Cyber Security, Network Security, Sales Automation",New Enterprise Associates
Series A - Privy,https://www.crunchbase.com/funding_round/privy-4265-series-a--fec22f59,"New York, New York, United States, North America",Privy,https://www.crunchbase.com/organization/privy-4265,Series A,18000000,USD,18000000,2023-11-21,"Cryptocurrency, Cyber Security, Developer APIs, Identity Management, Web3",Paradigm
Series A - Darktrace,https://www.crunchbase.com/funding_round/darktrace-series-a--e6cf893a,"Cambridge, Cambridgeshire, United Kingdom, Europe",Darktrace,https://www.crunchbase.com/organization/darktrace,Series A,18000000,USD,18000000,2015-03-17,"Artificial Intelligence (AI), Cyber Security, Information Technology, Machine Learning, Network Security","Invoke Capital, Talis Capital"
Series A - InCountry,https://www.crunchbase.com/funding_round/incountry-series-a--2b0b15a6,"San Francisco, California, United States, North America",InCountry,https://www.crunchbase.com/organization/incountry,Series A,18000000,USD,18000000,2020-09-01,"Artificial Intelligence (AI), Compliance, Cyber Security, Data Management, Data Storage, Information Technology","Caffeinated Capital, Mubadala Capital Ventures"
Series A - Guardz,https://www.crunchbase.com/funding_round/guardz-series-a--3dc99800,"Miami, Florida, United States, North America",Guardz,https://www.crunchbase.com/organization/guardz,Series A,18000000,USD,18000000,2023-12-13,"Artificial Intelligence (AI), Cyber Security, Information Technology, IT Management, Security, Small and Medium Businesses",Glilot Capital Partners
Series A - CyCognito,https://www.crunchbase.com/funding_round/cycognito-series-a--af1ba649,"Palo Alto, California, United States, North America",CyCognito,https://www.crunchbase.com/organization/cycognito,Series A,18000000,USD,18000000,2019-11-19,"Cloud Security, Cyber Security, Information Technology, Network Security, SaaS",Lightspeed Venture Partners
Series A - Huntress,https://www.crunchbase.com/funding_round/huntress-series-a--6c4cc4c7,"Columbia, Maryland, United States, North America",Huntress,https://www.crunchbase.com/organization/huntress,Series A,18000000,USD,18000000,2020-02-18,"Cyber Security, Information Technology, Security, Software",Forgepoint Capital
Series A - Corsha,https://www.crunchbase.com/funding_round/corsha-series-a--ce6fa81f,"Vienna, Virginia, United States, North America",Corsha,https://www.crunchbase.com/organization/corsha,Series A,18000000,USD,18000000,2025-04-08,"Cloud Security, Cyber Security, Identity Management, SaaS, Security",SineWave Ventures
Series A - Permiso Security,https://www.crunchbase.com/funding_round/permiso-security-series-a--8c3e9f56,"Palo Alto, California, United States, North America",Permiso Security,https://www.crunchbase.com/organization/permiso-security,Series A,18500000,USD,18500000,2024-04-03,"Cloud Infrastructure, Cloud Security, Cyber Security","Altimeter Capital, Point72 Ventures"
Series A - Veriti,https://www.crunchbase.com/funding_round/veriti-8be1-series-a--e59c617c,"Tel Aviv, Tel Aviv, Israel, Asia",Veriti,https://www.crunchbase.com/organization/veriti-8be1,Series A,18500000,USD,18500000,2022-11-01,"Artificial Intelligence (AI), Computer, Cyber Security, Machine Learning, Network Security",Insight Partners
Series A - Doppel,https://www.crunchbase.com/funding_round/doppel-9e9d-series-a--2a136f6b,"Covina, California, United States, North America",Doppel,https://www.crunchbase.com/organization/doppel-9e9d,Series A,18849952,USD,18849952,2024-01-02,"Artificial Intelligence (AI), Cyber Security, Risk Management, SaaS, Software",Andreessen Horowitz
Series A - Oleria,https://www.crunchbase.com/funding_round/oleria-series-a--ea251912,"Bellevue, Washington, United States, North America",Oleria,https://www.crunchbase.com/organization/oleria,Series A,18999996,USD,18999996,2025-11-06,"Cyber Security, Risk Management, Security, Software",
Series A - Balance Theory,https://www.crunchbase.com/funding_round/balance-theory-series-a--de2a7376,"Columbia, Maryland, United States, North America",Balance Theory,https://www.crunchbase.com/organization/balance-theory,Series A,19000000,USD,19000000,2026-07-31,"Collaboration, Cyber Security, Information Technology",SYN Ventures
Series A - Backslash Security,https://www.crunchbase.com/funding_round/backslash-security-series-a--e862270c,"Tel Aviv, Tel Aviv, Israel, Asia",Backslash Security,https://www.crunchbase.com/organization/backslash-security,Series A,19000000,USD,19000000,2026-02-10,"Agentic AI, Artificial Intelligence (AI), Cyber Security, Security",KOMPAS VC
Series A - watchTowr,https://www.crunchbase.com/funding_round/watchtowr-series-a--4b7836e6,"Singapore, Central Region, Singapore, Asia",watchTowr,https://www.crunchbase.com/organization/watchtowr,Series A,19000000,USD,19000000,2024-10-07,"Cyber Security, Network Security, Penetration Testing, SaaS, Software",Peak XV Partners
Series A - Binalyze,https://www.crunchbase.com/funding_round/binalyze-series-a--30399a2a,"Tallinn, Harjumaa, Estonia, Europe",Binalyze,https://www.crunchbase.com/organization/binalyze,Series A,19000000,USD,19000000,2023-09-12,"Cyber Security, Information Technology, Law Enforcement, Software",Molten Ventures
Series A - Infinipoint,https://www.crunchbase.com/funding_round/infinipoint-series-a--6af3fcc8,"Tel Aviv, Tel Aviv, Israel, Asia",Infinipoint,https://www.crunchbase.com/organization/infinipoint,Series A,19000000,USD,19000000,2021-07-27,"Cloud Security, Cyber Security, Identity Management, Information Technology, Security",
Series A - JupiterOne,https://www.crunchbase.com/funding_round/jupiterone-series-a--28d1ca80,"Durham, North Carolina, United States, North America",JupiterOne,https://www.crunchbase.com/organization/jupiterone,Series A,19000000,USD,19000000,2020-09-17,"Cloud Management, Cloud Security, Cyber Security, Information Technology",Bain Capital Ventures
Series A - Grip Security,https://www.crunchbase.com/funding_round/grip-security-series-a--54bbb29b,"Tel Aviv, Tel Aviv, Israel, Asia",Grip Security,https://www.crunchbase.com/organization/grip-security,Series A,19000000,USD,19000000,2021-12-07,"Cyber Security, Information Technology, Network Security, Productivity Tools, SaaS",Intel Capital
Series A - Baselayer,https://www.crunchbase.com/funding_round/baselayer-f1bf-series-a--d0919bf4,"New York, New York, United States, North America",Baselayer,https://www.crunchbase.com/organization/baselayer-f1bf,Series A,20000000,USD,20000000,2026-08-10,"B2B, Credit Bureau, Cyber Security, Financial Services, FinTech, Fraud Detection, Identity Management, Information Technology, Software, Virtual Reality","Koro Capital, M13"
Series A - Ocean,https://www.crunchbase.com/funding_round/ocean-3b7c-series-a--e8db4419,"New York, New York, United States, North America",Ocean,https://www.crunchbase.com/organization/ocean-3b7c,Series A,20000000,USD,20000000,2026-05-19,"Agentic AI, Cyber Security, Enterprise Software, Network Security",Lightspeed Venture Partners
Series A - Tracebit,https://www.crunchbase.com/funding_round/tracebit-series-a--24559dd5,"Manhattan, New York, United States, North America",Tracebit,https://www.crunchbase.com/organization/tracebit,Series A,20000000,USD,20000000,2026-03-17,"Cloud Security, Cyber Security, Intrusion Detection",FirstMark
Series A - Prime Security,https://www.crunchbase.com/funding_round/prime-security-series-a--ed571345,"New York, New York, United States, North America",Prime Security,https://www.crunchbase.com/organization/prime-security,Series A,20000000,USD,20000000,2025-12-09,"Artificial Intelligence (AI), Cyber Security",Scale Venture Partners
Series A - Clutch Security,https://www.crunchbase.com/funding_round/clutch-security-series-a--70221350,"Wilmington, Delaware, United States, North America",Clutch Security,https://www.crunchbase.com/organization/clutch-security,Series A,20000000,USD,20000000,2025-01-29,"Agentic AI, Cyber Security, Network Security, Privacy",SignalFire
Series A - SquareX,https://www.crunchbase.com/funding_round/squarex-dca3-series-a--11695f45,"Palo Alto, California, United States, North America",SquareX,https://www.crunchbase.com/organization/squarex-dca3,Series A,20000000,USD,20000000,2025-04-24,"Cyber Security, Information Technology, SaaS","SYN Ventures, Wipro"
Series A - Glide.id,https://www.crunchbase.com/funding_round/glide-identity-series-a--1f3189e8,"San Francisco, California, United States, North America",Glide.id,https://www.crunchbase.com/organization/glide-identity,Series A,20000000,USD,20000000,2025-10-13,"Cyber Security, Developer APIs, Identity Management, Privacy, Telecommunications",Crosspoint Capital Partners
Series A - Lakera,https://www.crunchbase.com/funding_round/lakera-ai-series-a--8e898f1e,"San Francisco, California, United States, North America",Lakera,https://www.crunchbase.com/organization/lakera-ai,Series A,20000000,USD,20000000,2024-07-24,"Artificial Intelligence (AI), Cyber Security, Security, Software",Atomico
Series A - Token Security,https://www.crunchbase.com/funding_round/token-security-series-a--3e30ba50,"Tel Aviv, Tel Aviv, Israel, Asia",Token Security,https://www.crunchbase.com/organization/token-security,Series A,20000000,USD,20000000,2025-01-28,"Agentic AI, Cyber Security, Network Security, Privacy",Notable Capital
Series A - EasyDMARC,https://www.crunchbase.com/funding_round/easydmarc-series-a--1034e55a,"Dover, Delaware, United States, North America",EasyDMARC,https://www.crunchbase.com/organization/easydmarc,Series A,20000000,USD,20000000,2024-09-16,"Cyber Security, Email, Information Technology, Internet of Things, Network Security",Radian Capital
Series A - Shufti,https://www.crunchbase.com/funding_round/shufti-pro-series-a--4e544607,"London, England, United Kingdom, Europe",Shufti,https://www.crunchbase.com/organization/shufti-pro,Series A,20000000,USD,20000000,2022-03-15,"Compliance, Cyber Security, Finance, Financial Services, FinTech, Fraud Detection, Identity Management, Information Technology, Internet of Things, SaaS",Updata Partners
Series A - Socket,https://www.crunchbase.com/funding_round/socket-741b-series-a--c4a5fc5e,"Stanford, California, United States, North America",Socket,https://www.crunchbase.com/organization/socket-741b,Series A,20000000,USD,20000000,2023-08-01,"Artificial Intelligence (AI), Cloud Security, Cyber Security, Developer Tools, Internet, Open Source, Security, Software",Andreessen Horowitz
Series A - Cato Networks,https://www.crunchbase.com/funding_round/cato-networks-series-a--518db196,"Tel Aviv, Tel Aviv, Israel, Asia",Cato Networks,https://www.crunchbase.com/organization/cato-networks,Series A,20000000,USD,20000000,2015-10-27,"Cloud Computing, Cyber Security, Information Technology, Network Security, Software","Aspect Ventures, U.S. Venture Partners"
Series A - Satori Cyber,https://www.crunchbase.com/funding_round/satori-cyber-series-a--98d15c74,"Tel Aviv, Tel Aviv, Israel, Asia",Satori Cyber,https://www.crunchbase.com/organization/satori-cyber,Series A,20000000,USD,20000000,2021-09-14,"Cloud Security, Cyber Security, Network Security","B Capital, Evolution Equity Partners"
Series A - Expanse,https://www.crunchbase.com/funding_round/expanse-inc-series-a--4fa75046,"San Francisco, California, United States, North America",Expanse,https://www.crunchbase.com/organization/expanse-inc,Series A,20000000,USD,20000000,2016-06-05,"Cyber Security, Information Technology, Security, Software",New Enterprise Associates
Series A - Oligo Security,https://www.crunchbase.com/funding_round/oligo-security-series-a--c72b91de,"New York, New York, United States, North America",Oligo Security,https://www.crunchbase.com/organization/oligo-security,Series A,20000000,USD,20000000,2023-02-15,"Artificial Intelligence (AI), Cloud Security, Cyber Security, Enterprise Software, Network Security",Ballistic Ventures
Series A - Hydrolix,https://www.crunchbase.com/funding_round/hydrolix-series-a--08254b19,"Portland, Oregon, United States, North America",Hydrolix,https://www.crunchbase.com/organization/hydrolix,Series A,20000000,USD,20000000,2023-06-05,"Cloud Data Services, Cyber Security, Database, Information Technology, Internet, Machine Learning",Nava Ventures
Series A - Fireglass,https://www.crunchbase.com/funding_round/fireglass-series-a--8f0df555,"Tel Aviv, Tel Aviv, Israel, Asia",Fireglass,https://www.crunchbase.com/organization/fireglass,Series A,20000000,USD,20000000,2016-02-16,"Cyber Security, Network Security, Online Portals","Lightspeed Venture Partners, Norwest, Singtel Innov8"
Series A - Stairwell,https://www.crunchbase.com/funding_round/stairwell-series-a--f41ef1fd,"Mountain View, California, United States, North America",Stairwell,https://www.crunchbase.com/organization/stairwell,Series A,20000000,USD,20000000,2021-09-21,"Cyber Security, Information Technology, Network Security, Security, Software","Accel, Sequoia Capital"
Series A - Sublime Security,https://www.crunchbase.com/funding_round/sublime-security-series-a--678b5eb0,"Washington, District of Columbia, United States, North America",Sublime Security,https://www.crunchbase.com/organization/sublime-security,Series A,20000000,USD,20000000,2024-04-24,"Artificial Intelligence (AI), Cloud Security, Cyber Security, Network Security",Index Ventures
Series A - SenseOn,https://www.crunchbase.com/funding_round/senseon-series-a--6ffbae66,"London, England, United Kingdom, Europe",SenseOn,https://www.crunchbase.com/organization/senseon,Series A,20000000,USD,20000000,2021-09-27,"Artificial Intelligence (AI), Cyber Security, Information Technology, Machine Learning, Software",Eight Roads Ventures
Series A - Elpha Secure,https://www.crunchbase.com/funding_round/elpha-secure-series-a--817f0fe7,"New York, New York, United States, North America",Elpha Secure,https://www.crunchbase.com/organization/elpha-secure,Series A,20000000,USD,20000000,2022-10-06,"Cyber Security, Insurance, InsurTech, Software",Canapi Ventures
Series A - Tausight,https://www.crunchbase.com/funding_round/tausight-series-a--e6d76676,"Boston, Massachusetts, United States, North America",Tausight,https://www.crunchbase.com/organization/tausight,Series A,20000000,USD,20000000,2021-03-10,"Cyber Security, Health Care, Information Technology, Software","Flare Capital Partners, Polaris Partners"
Series A - OneKey Customer Service,https://www.crunchbase.com/funding_round/onekey-4263-series-a--2477a69e,"Hong Kong, Hong Kong Island, Hong Kong, Asia",OneKey Customer Service,https://www.crunchbase.com/organization/onekey-4263,Series A,20000000,USD,20000000,2022-09-28,"Cryptocurrency, Cyber Security, Infrastructure, SaaS","Dragonfly, Ribbit Capital"
Series A - Randori,https://www.crunchbase.com/funding_round/randori-series-a--d8b342f4,"Waltham, Massachusetts, United States, North America",Randori,https://www.crunchbase.com/organization/randori,Series A,20000000,USD,20000000,2020-04-23,"Computer, Cyber Security, Network Security, SaaS",Harmony Partners
Series A - Confluera,https://www.crunchbase.com/funding_round/confluera-series-a--90584c7e,"Palo Alto, California, United States, North America",Confluera,https://www.crunchbase.com/organization/confluera,Series A,20000000,USD,20000000,2020-05-19,"Cyber Security, Information Technology, Network Security, Security, Software",Icon Ventures
Series A - SolCyber,https://www.crunchbase.com/funding_round/solcyber-series-a--b64dbc5e,"Dallas, Texas, United States, North America",SolCyber,https://www.crunchbase.com/organization/solcyber,Series A,20000000,USD,20000000,2021-07-29,"Computer, Cyber Security, Network Security",Forgepoint Capital
Series A - Reco,https://www.crunchbase.com/funding_round/reco-67bb-series-a--f5ef554f,"Altamonte Springs, Florida, United States, North America",Reco,https://www.crunchbase.com/organization/reco-67bb,Series A,20000000,USD,20000000,2022-06-03,"Artificial Intelligence (AI), Cyber Security, Generative AI, SaaS","Insight Partners, Zeev Ventures"
Series A - ThriveDX,https://www.crunchbase.com/funding_round/hackeru-series-a--19d0c398,"Coral Gables, Florida, United States, North America",ThriveDX,https://www.crunchbase.com/organization/hackeru,Series A,20000000,USD,20000000,2017-02-04,"Cyber Security, EdTech, Education",PRYTEK
Series A - Hypori,https://www.crunchbase.com/funding_round/Hypori-series-a--0d5432d2,"Reston, Virginia, United States, North America",Hypori,https://www.crunchbase.com/organization/Hypori,Series A,20000000,USD,20000000,2021-06-01,"Cyber Security, SaaS, Software, Virtualization",GreatPoint Ventures
Series A - Bright Security,https://www.crunchbase.com/funding_round/neuralegion-series-a--9c831298,"San Rafael, California, United States, North America",Bright Security,https://www.crunchbase.com/organization/neuralegion,Series A,20000000,USD,20000000,2022-03-01,"Apps, Artificial Intelligence (AI), Cyber Security, Developer APIs, DevOps, Machine Learning, SaaS, Security, Software, Web Development",Evolution Equity Partners
Series A - Blink Ops,https://www.crunchbase.com/funding_round/blink-ffe8-series-a--e06f497a,"Austin, Texas, United States, North America",Blink Ops,https://www.crunchbase.com/organization/blink-ffe8,Series A,20000000,USD,20000000,2022-03-08,"Artificial Intelligence (AI), Cloud Security, Cyber Security, Productivity Tools, SaaS",Lightspeed Venture Partners
Series A - CyberHash,https://www.crunchbase.com/funding_round/cyberhash-series-a--21432f0d,"Singapore, Central Region, Singapore, Asia",CyberHash,https://www.crunchbase.com/organization/cyberhash,Series A,20000000,USD,20000000,2021-12-30,"Blockchain, Cloud Storage, Cyber Security, Data Storage",
Series A - Cycode,https://www.crunchbase.com/funding_round/cycode-series-a--2e2517d4,"New York, New York, United States, North America",Cycode,https://www.crunchbase.com/organization/cycode,Series A,20000000,USD,20000000,2021-05-11,"Cyber Security, Data Management, Software",Insight Partners
Series A - Oscilar,https://www.crunchbase.com/funding_round/oscilar-series-a--ea3260d8,"Palo Alto, California, United States, North America",Oscilar,https://www.crunchbase.com/organization/oscilar,Series A,20000000,USD,20000000,2021-07-05,"Compliance, Credit, Cyber Security, FinTech, Fraud Detection, Operating Systems, Risk Management, Security",
Series A - Salt Security,https://www.crunchbase.com/funding_round/saltsecurity-series-a--5717c873,"Palo Alto, California, United States, North America",Salt Security,https://www.crunchbase.com/organization/saltsecurity,Series A,20000000,USD,20000000,2020-06-16,"Artificial Intelligence (AI), Cyber Security, Developer APIs, Machine Learning",Tenaya Capital
Series A - Cowbell,https://www.crunchbase.com/funding_round/cowbell-cyber-inc-series-a--5c401a7f,"Pleasanton, California, United States, North America",Cowbell,https://www.crunchbase.com/organization/cowbell-cyber-inc,Series A,20000000,USD,20000000,2021-03-11,"Artificial Intelligence (AI), Cyber Security, FinTech, Insurance, InsurTech, Risk Management",Brewer Lane Ventures
Series A - Traceable,https://www.crunchbase.com/funding_round/traceable-series-a--4c190910,"San Francisco, California, United States, North America",Traceable,https://www.crunchbase.com/organization/traceable,Series A,20000000,USD,20000000,2020-07-14,"Artificial Intelligence (AI), Cyber Security, Fraud Detection, Network Security, SaaS, Software",Unusual Ventures
Series A - Fleet Device Management,https://www.crunchbase.com/funding_round/fleet-device-management-series-a--3f7ae193,"San Francisco, California, United States, North America",Fleet Device Management,https://www.crunchbase.com/organization/fleet-device-management,Series A,20000000,USD,20000000,2022-04-28,"Cyber Security, IT Infrastructure, IT Management, Network Security, Software",CRV
Series A - Doppler,https://www.crunchbase.com/funding_round/doppler-series-a--d1c7dbd8,"San Francisco, California, United States, North America",Doppler,https://www.crunchbase.com/organization/doppler,Series A,20000000,USD,20000000,2022-04-27,"Apps, Cyber Security, Information Technology, Productivity Tools, Security, Software",CRV
Series A - Reach Security,https://www.crunchbase.com/funding_round/reach-security-series-a--5a89f78a,"San Francisco, California, United States, North America",Reach Security,https://www.crunchbase.com/organization/reach-security,Series A,20000000,USD,20000000,2024-03-07,Cyber Security,Ballistic Ventures
Series A - PQShield,https://www.crunchbase.com/funding_round/pqshield-series-a--9d6f8568,"Oxford, Oxfordshire, United Kingdom, Europe",PQShield,https://www.crunchbase.com/organization/pqshield,Series A,20000000,USD,20000000,2022-01-26,"Cyber Security, Network Security, Quantum Computing, Software",Addition
Series A - Torq,https://www.crunchbase.com/funding_round/torq-technologies-series-a--0011cb09,"Tel Aviv, Tel Aviv, Israel, Asia",Torq,https://www.crunchbase.com/organization/torq-technologies,Series A,20000000,USD,20000000,2021-01-19,"Artificial Intelligence (AI), Cloud Security, Cyber Security, Software",Notable Capital
Series A - Shift5,https://www.crunchbase.com/funding_round/shift5-series-a--aa22c1ba,"Arlington, Virginia, United States, North America",Shift5,https://www.crunchbase.com/organization/shift5,Series A,20000000,USD,20000000,2021-10-12,"Aerospace, Cyber Security, GPS, Hardware, Navigation, Software, Transportation",645 Ventures
Series A - ObserveIT,https://www.crunchbase.com/funding_round/observeit-series-a--1eb7381e,"Boston, Massachusetts, United States, North America",ObserveIT,https://www.crunchbase.com/organization/observeit,Series A,20000000,USD,20000000,2013-12-09,"Cloud Security, Compliance, Cyber Security, Information Services, Information Technology, Software",Bain Capital Ventures
Series A - Cynomi,https://www.crunchbase.com/funding_round/cynomi-series-a--bdafdc44,"Herzliya, Tel Aviv, Israel, Asia",Cynomi,https://www.crunchbase.com/organization/cynomi,Series A,20000000,USD,20000000,2024-04-16,"Artificial Intelligence (AI), Cyber Security, Information Technology, Network Security, Risk Management",Canaan Partners
Series A - Tempered,https://www.crunchbase.com/funding_round/tempered-networks-series-a--f7a5f266,"Seattle, Washington, United States, North America",Tempered,https://www.crunchbase.com/organization/tempered-networks,Series A,20050000,USD,20050000,2015-03-03,"Communications Infrastructure, Cyber Security, Network Security, Security",Ignition Partners
Series A - Zero Networks,https://www.crunchbase.com/funding_round/zero-networks-series-a--d39e3cc3,"Orlando, Florida, United States, North America",Zero Networks,https://www.crunchbase.com/organization/zero-networks,Series A,20300000,USD,20300000,2022-02-22,"Cyber Security, Data Center Automation, Information Technology, Network Security",Venrock
Series A - Orca Security,https://www.crunchbase.com/funding_round/orca-security-series-a--16b0f87d,"Portland, Oregon, United States, North America",Orca Security,https://www.crunchbase.com/organization/orca-security,Series A,20500000,USD,20500000,2020-03-05,"Cloud Computing, Cloud Security, Compliance, Cyber Security, Information Technology, SaaS, Security",Notable Capital
Series A - Straiker,https://www.crunchbase.com/funding_round/straiker-series-a--3a7bf60e,"Sunnyvale, California, United States, North America",Straiker,https://www.crunchbase.com/organization/straiker,Series A,21000000,USD,21000000,2025-03-27,"Artificial Intelligence (AI), Cyber Security, Network Security, Software","Bain Capital Ventures, Lightspeed Venture Partners"
Series A - Iru,https://www.crunchbase.com/funding_round/kandji-series-a--dea1387b,"Miami, Florida, United States, North America",Iru,https://www.crunchbase.com/organization/kandji,Series A,21000000,USD,21000000,2020-10-28,"Artificial Intelligence (AI), Cyber Security, Information Technology, iOS, Management Consulting, Mobile, Software",Greycroft
Series A - GuardKnox,https://www.crunchbase.com/funding_round/guardknox-series-a--e18f18b3,"Ramla, HaMerkaz, Israel, Asia",GuardKnox,https://www.crunchbase.com/organization/guardknox,Series A,21000000,USD,21000000,2019-06-04,"Automotive, Cyber Security, Embedded Systems, Hardware, Software",FM Capital
Series A - CyberSaint Security,https://www.crunchbase.com/funding_round/cybersaint-series-a--23d483ff,"Boston, Massachusetts, United States, North America",CyberSaint Security,https://www.crunchbase.com/organization/cybersaint,Series A,21000000,USD,21000000,2024-03-20,"Compliance, Cyber Security, Risk Management, Software",Riverside Acceleration Capital
Series A - SecurityPal,https://www.crunchbase.com/funding_round/securitypal-series-a--96476565,"San Francisco, California, United States, North America",SecurityPal,https://www.crunchbase.com/organization/securitypal,Series A,21000000,USD,21000000,2022-09-20,"Artificial Intelligence (AI), Cyber Security, Network Security, SaaS",Craft Ventures
Series A - Xage Security,https://www.crunchbase.com/funding_round/xage-security-series-a--f8789b92,"Palo Alto, California, United States, North America",Xage Security,https://www.crunchbase.com/organization/xage-security,Series A,21000000,USD,21000000,2018-12-28,"Blockchain, Cloud Security, Cyber Security, Information Technology, Internet of Things, Network Security",March Capital
Series A - Cyolo,https://www.crunchbase.com/funding_round/cyolo-series-a--0af3fe70,"Ramat Gan, Tel Aviv, Israel, Asia",Cyolo,https://www.crunchbase.com/organization/cyolo,Series A,21000000,USD,21000000,2021-07-28,"Cyber Security, Network Security",Glilot Capital Partners
Series A - Method Security,https://www.crunchbase.com/funding_round/method-security-series-a--d22f7b18,"New York, New York, United States, North America",Method Security,https://www.crunchbase.com/organization/method-security,Series A,21500000,USD,21500000,2025-11-19,"Artificial Intelligence (AI), Cyber Security, SaaS, Security, Software","Andreessen Horowitz, General Catalyst"
Series A - CloudMosa,https://www.crunchbase.com/funding_round/cloudmosa-series-a--decdd261,"Cupertino, California, United States, North America",CloudMosa,https://www.crunchbase.com/organization/cloudmosa,Series A,21625000,USD,21625000,2015-07-11,"Cloud Computing, Cyber Security, Enterprise, Web Browsers",GIC
Series A - Red Balloon Security,https://www.crunchbase.com/funding_round/red-balloon-secrurity-series-a--c5d18392,"New York, New York, United States, North America",Red Balloon Security,https://www.crunchbase.com/organization/red-balloon-secrurity,Series A,21900000,USD,21900000,2018-04-03,"Cyber Security, Embedded Systems, Internet of Things, Network Security, Software",Bain Capital Ventures
Series A - Utila,https://www.crunchbase.com/funding_round/utila-1da8-series-a--bd89bab6,"New York, New York, United States, North America",Utila,https://www.crunchbase.com/organization/utila-1da8,Series A,22000000,USD,22000000,2025-09-03,"Asset Management, Blockchain, Cyber Security, Financial Services",Red Dot Capital Partners
Series A - Unqork,https://www.crunchbase.com/funding_round/unqork-series-a--202d57c3,"New York, New York, United States, North America",Unqork,https://www.crunchbase.com/organization/unqork,Series A,22000000,USD,22000000,2019-04-18,"Compliance, Cyber Security, Data Integration, Enterprise, Enterprise Applications, Financial Services, FinTech, Productivity Tools, SaaS, Software",Goldman Sachs Growth Equity
Series A - Material Security,https://www.crunchbase.com/funding_round/material-security-series-a--219cf307,"Redwood City, California, United States, North America",Material Security,https://www.crunchbase.com/organization/material-security,Series A,22000000,USD,22000000,2020-06-30,"Cyber Security, Email, Management Information Systems, Network Security, Software",Andreessen Horowitz
Series A - XBOW,https://www.crunchbase.com/funding_round/xbow-series-a--1313d0a3,"Seattle, Washington, United States, North America",XBOW,https://www.crunchbase.com/organization/xbow,Series A,22000000,USD,22000000,2025-01-01,"Artificial Intelligence (AI), Computer, Cyber Security, Network Security, Penetration Testing","Nat Friedman, Sequoia Capital"
Series A - XM Cyber,https://www.crunchbase.com/funding_round/xm-cyber-series-a--1e12da5e,"Herzliya, Tel Aviv, Israel, Asia",XM Cyber,https://www.crunchbase.com/organization/xm-cyber,Series A,22000000,USD,22000000,2018-11-13,"Cloud Security, Cyber Security, Network Security, Risk Management, Security",
Series A - Normalyze,https://www.crunchbase.com/funding_round/normalyze-series-a--03a4ca8e,"Los Altos, California, United States, North America",Normalyze,https://www.crunchbase.com/organization/normalyze,Series A,22200000,USD,22200000,2022-06-28,"Cloud Data Services, Cloud Security, Cyber Security, Enterprise Software, Security","Battery Ventures, Lightspeed Venture Partners"
Series A - Nudge Security,https://www.crunchbase.com/funding_round/nudge-security-series-a--b6221062,"Austin, Texas, United States, North America",Nudge Security,https://www.crunchbase.com/organization/nudge-security,Series A,22500000,USD,22500000,2025-11-18,"Cyber Security, Information Technology, SaaS",Cerberus Ventures
Series A - Ory Corp,https://www.crunchbase.com/funding_round/ory-series-a--76ddde67,"Scottsdale, Arizona, United States, North America",Ory Corp,https://www.crunchbase.com/organization/ory,Series A,22500000,USD,22500000,2021-12-16,"Cloud Security, Cyber Security, Identity Management, Information Technology, Open Source, Software",Insight Partners
Series A - Evina,https://www.crunchbase.com/funding_round/evina-series-a--dd4bf7fb,"Paris, Ile-de-France, France, Europe",Evina,https://www.crunchbase.com/organization/evina,Series A,20000000,EUR,22735695,2021-11-18,"Cyber Security, Fraud Detection, Mobile Payments, SaaS",Radian Capital
Series A - Gem,https://www.crunchbase.com/funding_round/gem-f4a1-series-a--fb15d44f,"New York, New York, United States, North America",Gem,https://www.crunchbase.com/organization/gem-f4a1,Series A,23000000,USD,23000000,2023-09-27,"Cloud Security, Cyber Security, Network Security","GGV Capital, Notable Capital"
Series A - TruU,https://www.crunchbase.com/funding_round/truu-series-a--42301b29,"Santa Clara, California, United States, North America",TruU,https://www.crunchbase.com/organization/truu,Series A,23000000,USD,23000000,2022-04-25,"Cyber Security, Identity Management, Physical Security, Security",CXO Fund
Series A - RevealSecurity,https://www.crunchbase.com/funding_round/revealsecurity-series-a--1655eedc,"New York, New York, United States, North America",RevealSecurity,https://www.crunchbase.com/organization/revealsecurity,Series A,23000000,USD,23000000,2022-06-21,"Analytics, Business Intelligence, Cloud Security, Cyber Security, Fraud Detection, Intrusion Detection, Risk Management",SYN Ventures
Series A - Trinity Cyber,https://www.crunchbase.com/funding_round/trinity-cyber-series-a--fea1cd65,"Bowie, Maryland, United States, North America",Trinity Cyber,https://www.crunchbase.com/organization/trinity-cyber,Series A,23000000,USD,23000000,2019-07-29,"Cyber Security, Information Technology, Software",Intel Capital
Series A - Nagomi Security,https://www.crunchbase.com/funding_round/vena-security-series-a--afaf0581,"New York, New York, United States, North America",Nagomi Security,https://www.crunchbase.com/organization/vena-security,Series A,23000000,USD,23000000,2024-04-23,"Cyber Security, PaaS, Software",TCV
Series A - Deepwatch,https://www.crunchbase.com/funding_round/deepwatch-series-a--892de94d,"Tampa, Florida, United States, North America",Deepwatch,https://www.crunchbase.com/organization/deepwatch,Series A,23000000,USD,23000000,2019-04-03,"Cloud Security, Cyber Security, Information Technology",ABS Capital Partners
Series A - CalypsoAI,https://www.crunchbase.com/funding_round/calypso-ai-series-a--717c4b4c,"Washington, District of Columbia, United States, North America",CalypsoAI,https://www.crunchbase.com/organization/calypso-ai,Series A,23000000,USD,23000000,2023-06-27,"Artificial Intelligence (AI), Cyber Security, Information Technology, Machine Learning",Paladin Capital Group
Series A - Curv,https://www.crunchbase.com/funding_round/curv-5d20-series-a--ec0d487c,"New York, New York, United States, North America",Curv,https://www.crunchbase.com/organization/curv-5d20,Series A,23000000,USD,23000000,2020-07-01,"Blockchain, Cloud Computing, Cryptocurrency, Cyber Security, FinTech, Software",CommerzVentures
Series A - TEHTRIS,https://www.crunchbase.com/funding_round/tehtris-series-a--d95937b2,"Pessac, Aquitaine, France, Europe",TEHTRIS,https://www.crunchbase.com/organization/tehtris,Series A,20000000,EUR,23608486,2020-11-12,"Cloud Security, Consulting, Cyber Security, Information Technology, Intrusion Detection, Network Security, Penetration Testing",Ace Capital Partners
Series A - Blink Ops,https://www.crunchbase.com/funding_round/blink-ffe8-series-a--5bb729f7,"Austin, Texas, United States, North America",Blink Ops,https://www.crunchbase.com/organization/blink-ffe8,Series A,24000000,USD,24000000,2024-05-01,"Artificial Intelligence (AI), Cloud Security, Cyber Security, Productivity Tools, SaaS",Vertex Ventures Israel
Series A - Lacework,https://www.crunchbase.com/funding_round/lacework-series-a--4e568252,"Mountain View, California, United States, North America",Lacework,https://www.crunchbase.com/organization/lacework,Series A,24000000,USD,24000000,2018-08-28,"Cloud Security, Compliance, Cyber Security, Developer Tools, Software",Sutter Hill Ventures
Series A - Prelude,https://www.crunchbase.com/funding_round/prelude-84fb-series-a--5c9ac363,"Seattle, Washington, United States, North America",Prelude,https://www.crunchbase.com/organization/prelude-84fb,Series A,24000000,USD,24000000,2022-04-12,"Cyber Security, Desktop Apps, Information Technology",Sequoia Capital
Series A - BitSight,https://www.crunchbase.com/funding_round/bitsight-series-a--c70ce939,"Boston, Massachusetts, United States, North America",BitSight,https://www.crunchbase.com/organization/bitsight,Series A,24000000,USD,24000000,2013-06-05,"B2B, Cyber Security, Risk Management, Security, Software",
Series A - Abnormal AI,https://www.crunchbase.com/funding_round/abnormal-security-series-a--b6fc269a,"Las Vegas, Nevada, United States, North America",Abnormal AI,https://www.crunchbase.com/organization/abnormal-security,Series A,24000000,USD,24000000,2019-11-19,"Artificial Intelligence (AI), Cyber Security, Email, Information Technology, Network Security",Greylock
Series A - Vicarius,https://www.crunchbase.com/funding_round/vicarius-series-a--5a11e42f,"New York, New York, United States, North America",Vicarius,https://www.crunchbase.com/organization/vicarius,Series A,24000000,USD,24000000,2022-02-09,"B2B, Cloud Security, Cyber Security, Enterprise, Enterprise Software, Software",AllegisCyber
Series A - Fable,https://www.crunchbase.com/funding_round/fable-1ad2-series-a--d089b599,"San Francisco, California, United States, North America",Fable,https://www.crunchbase.com/organization/fable-1ad2,Series A,24500000,USD,24500000,2025-05-01,"Artificial Intelligence (AI), Computer, Cyber Security, Network Security",Redpoint
Series A - Roboyo,https://www.crunchbase.com/funding_round/roboyo-series-a--e45cec12,"Nürnberg, Bayern, Germany, Europe",Roboyo,https://www.crunchbase.com/organization/roboyo,Series A,21000000,EUR,24868611,2020-09-15,"Agentic AI, Chatbot, Cyber Security, Intelligent Systems, Robotic Process Automation (RPA)",MML Capital Partners
Series A - Empirical Security,https://www.crunchbase.com/funding_round/empirical-security-8ec5-series-a--f3d099b7,"Chicago, Illinois, United States, North America",Empirical Security,https://www.crunchbase.com/organization/empirical-security-8ec5,Series A,25000000,USD,25000000,2026-07-20,"Artificial Intelligence (AI), Cyber Security, Network Security",Brightmind Partners
Series A - Abstract Security,https://www.crunchbase.com/funding_round/abstract-security-series-a--a56ad10f,"San Francisco, California, United States, North America",Abstract Security,https://www.crunchbase.com/organization/abstract-security,Series A,25000000,USD,25000000,2026-07-22,"Artificial Intelligence (AI), Big Data, Cyber Security, Information Technology","AVP, Cheyenne Ventures"
Series A - Venice,https://www.crunchbase.com/funding_round/valkyrie-abb5-series-a--3a4244c5,"Wilmington, Delaware, United States, North America",Venice,https://www.crunchbase.com/organization/valkyrie-abb5,Series A,25000000,USD,25000000,2025-12-01,"Artificial Intelligence (AI), Cloud Computing, Cyber Security",IVP
Series A - Bedrock Data,https://www.crunchbase.com/funding_round/bedrock-security-series-a--36438d60,"San Mateo, California, United States, North America",Bedrock Data,https://www.crunchbase.com/organization/bedrock-security,Series A,25000000,USD,25000000,2025-11-17,"Artificial Intelligence (AI), Big Data, Cloud Management, Cloud Security, Cyber Security, Data Governance, Information Technology, Security",Greylock
Series A - Astelia,https://www.crunchbase.com/funding_round/astelia-349f-series-a--d9bd0693,"New York, New York, United States, North America",Astelia,https://www.crunchbase.com/organization/astelia-349f,Series A,25000000,USD,25000000,2026-02-24,"Agentic AI, Computer, Cyber Security, Network Security",Index Ventures
Series A - Teleskope,https://www.crunchbase.com/funding_round/teleskope-c1a4-series-a--3b3e442d,"New York, New York, United States, North America",Teleskope,https://www.crunchbase.com/organization/teleskope-c1a4,Series A,25000000,USD,25000000,2025-11-03,"Artificial Intelligence (AI), Compliance, Cyber Security, Security, Software",M13
Series A - ThreatAware,https://www.crunchbase.com/funding_round/threataware-series-a--8173b9d0,"London, England, United Kingdom, Europe",ThreatAware,https://www.crunchbase.com/organization/threataware,Series A,25000000,USD,25000000,2026-02-26,"Computer, Cyber Security, Network Security",One Peak
Series A - Cloudbrink,https://www.crunchbase.com/funding_round/cloudbrink-inc-series-a--e63bb4a1,"Sunnyvale, California, United States, North America",Cloudbrink,https://www.crunchbase.com/organization/cloudbrink-inc,Series A,25000000,USD,25000000,2022-11-15,"Cloud Computing, Cloud Security, Cyber Security, Enterprise Software, Network Security, SaaS, Software","Highland Capital Partners, Streamlined, The Fabric"
Series A - Noma Security,https://www.crunchbase.com/funding_round/noma-94e0-series-a--2d8675c8,"Herzliya, Tel Aviv, Israel, Asia",Noma Security,https://www.crunchbase.com/organization/noma-94e0,Series A,25000000,USD,25000000,2024-10-31,"Artificial Intelligence (AI), Cyber Security, Network Security, Security",Ballistic Ventures
Series A - Trustifi,https://www.crunchbase.com/funding_round/trustifi-series-a--59f869d6,"Las Vegas, Nevada, United States, North America",Trustifi,https://www.crunchbase.com/organization/trustifi,Series A,25000000,USD,25000000,2025-06-03,"Cyber Security, Enterprise Software, Management Consulting, SaaS, Service Industry",Camber Partners
Series A - Crogl,https://www.crunchbase.com/funding_round/crogl-series-a--33bfb73e,"Bernalillo, New Mexico, United States, North America",Crogl,https://www.crunchbase.com/organization/crogl,Series A,25000000,USD,25000000,2025-03-06,"AI Infrastructure, Analytics, Cyber Security, Network Security",Menlo Ventures
Series A - Aembit,https://www.crunchbase.com/funding_round/aembit-series-a--ce3ad683,"Silver Spring, Maryland, United States, North America",Aembit,https://www.crunchbase.com/organization/aembit,Series A,25000000,USD,25000000,2024-07-29,"Cyber Security, DevOps, Identity Management, Network Security",Acrew Capital
Series A - Astrix Security,https://www.crunchbase.com/funding_round/astrix-security-series-a--8e3b109d,"Tel Aviv, Tel Aviv, Israel, Asia",Astrix Security,https://www.crunchbase.com/organization/astrix-security,Series A,25000000,USD,25000000,2023-06-28,"Artificial Intelligence (AI), Cyber Security, Identity Management, Network Security",CRV
Series A - Maze,https://www.crunchbase.com/funding_round/maze-7eea-series-a--87537291,"London, England, United Kingdom, Europe",Maze,https://www.crunchbase.com/organization/maze-7eea,Series A,25000000,USD,25000000,2025-06-10,"Artificial Intelligence (AI), Cloud Security, Cyber Security, Machine Learning, Network Security",Theory Ventures
Series A - ProjectDiscovery,https://www.crunchbase.com/funding_round/projectdiscovery-inc-series-a--dcb70eee,"San Francisco, California, United States, North America",ProjectDiscovery,https://www.crunchbase.com/organization/projectdiscovery-inc,Series A,25000000,USD,25000000,2023-08-17,"Cyber Security, Information Technology, Software",CRV
Series A - Reco,https://www.crunchbase.com/funding_round/reco-67bb-series-a--4cfeb7b1,"Altamonte Springs, Florida, United States, North America",Reco,https://www.crunchbase.com/organization/reco-67bb,Series A,25000000,USD,25000000,2025-04-22,"Artificial Intelligence (AI), Cyber Security, Generative AI, SaaS",Insight Partners
Series A - Valence Security,https://www.crunchbase.com/funding_round/valence-security-series-a--ea3f3153,"New York, New York, United States, North America",Valence Security,https://www.crunchbase.com/organization/valence-security,Series A,25000000,USD,25000000,2022-10-26,"Cloud Security, Cyber Security, Security",M12 - Microsoft's Venture Fund
Series A - MobileLogic,https://www.crunchbase.com/funding_round/mobilelogic-series-a--3aac87e6,"New York, New York, United States, North America",MobileLogic,https://www.crunchbase.com/organization/mobilelogic,Series A,25000000,USD,25000000,2000-04-04,"Consulting, Cyber Security, Information Technology, Mobile, Software, Telecommunications, Wireless","Steel Connect, The Investor Group"
Series A - Mitiga,https://www.crunchbase.com/funding_round/mitiga-series-a--5944b0d5,"New York, New York, United States, North America",Mitiga,https://www.crunchbase.com/organization/mitiga,Series A,25000000,USD,25000000,2021-07-02,"Cloud Security, Cyber Security, Network Security, SaaS, Software","Atlantic Bridge, ClearSky, DNX Ventures"
Series A - Noname Security,https://www.crunchbase.com/funding_round/noname-security-series-a--9eb470f8,"Palo Alto, California, United States, North America",Noname Security,https://www.crunchbase.com/organization/noname-security,Series A,25000000,USD,25000000,2020-12-15,"Cloud Security, Cyber Security, Enterprise Software, Network Security",Lightspeed Venture Partners
Series A - Relyance AI,https://www.crunchbase.com/funding_round/relyance-48bb-series-a--4d99103c,"San Mateo, California, United States, North America",Relyance AI,https://www.crunchbase.com/organization/relyance-48bb,Series A,25000000,USD,25000000,2021-09-15,"Artificial Intelligence (AI), Compliance, Cyber Security, Data Governance, Privacy, Security","Menlo Ventures, Unusual Ventures"
Series A - ReversingLabs,https://www.crunchbase.com/funding_round/reversinglabs-series-a--a9b533e9,"Cambridge, Massachusetts, United States, North America",ReversingLabs,https://www.crunchbase.com/organization/reversinglabs,Series A,25000000,USD,25000000,2017-11-29,"Analytics, Cyber Security, Security","Forgepoint Capital, JP Morgan Chase"
Series A - Avalor,https://www.crunchbase.com/funding_round/avalor-72e5-series-a--e883276e,"Ramat Gan, Tel Aviv, Israel, Asia",Avalor,https://www.crunchbase.com/organization/avalor-72e5,Series A,25000000,USD,25000000,2023-04-18,"Computer, Cyber Security, Data Center Automation, Network Security",TCV
Series A - Pangea,https://www.crunchbase.com/funding_round/pengea-series-a--563f5101,"Palo Alto, California, United States, North America",Pangea,https://www.crunchbase.com/organization/pengea,Series A,25000000,USD,25000000,2022-05-17,"Artificial Intelligence (AI), Cloud Infrastructure, Cyber Security, Developer APIs",Ballistic Ventures
Series A - Bishop Fox,https://www.crunchbase.com/funding_round/bishop-fox-series-a--e7c337de,"Tempe, Arizona, United States, North America",Bishop Fox,https://www.crunchbase.com/organization/bishop-fox,Series A,25000000,USD,25000000,2019-02-26,"Cloud Security, Consulting, Cyber Security, Network Security, Penetration Testing",Forgepoint Capital
Series A - Teleport,https://www.crunchbase.com/funding_round/gravitational-series-a--3a5a8799,"Oakland, California, United States, North America",Teleport,https://www.crunchbase.com/organization/gravitational,Series A,25000000,USD,25000000,2019-11-20,"Cloud Data Services, Cloud Infrastructure, Cloud Security, Cyber Security, Identity Management, Privacy",Kleiner Perkins
Series A - Spire Global,https://www.crunchbase.com/funding_round/spire-series-a--96eab931,"San Francisco, California, United States, North America",Spire Global,https://www.crunchbase.com/organization/spire,Series A,25000000,USD,25000000,2014-07-29,"Analytics, Big Data, Cyber Security, Data Integration, Government, Information Services, Information Technology, Military, National Security",RRE Ventures
Series A - Anecdotes,https://www.crunchbase.com/funding_round/anecdotes-series-a--41590f12,"Palo Alto, California, United States, North America",Anecdotes,https://www.crunchbase.com/organization/anecdotes,Series A,25000000,USD,25000000,2022-02-23,"Artificial Intelligence (AI), Compliance, Cyber Security, Data Governance, Risk Management, SaaS",Red Dot Capital Partners
Series A - KAZUAR Advanced Technologies LTD.,https://www.crunchbase.com/funding_round/kazuar-series-a--32f09234,"Tel Aviv, Tel Aviv, Israel, Asia",KAZUAR Advanced Technologies LTD.,https://www.crunchbase.com/organization/kazuar,Series A,25000000,USD,25000000,2021-12-31,"Cyber Security, Hardware, Network Security, Software",
Series A - VisibleRisk,https://www.crunchbase.com/funding_round/visiblerisk-series-a--426c7dfc,"New York, New York, United States, North America",VisibleRisk,https://www.crunchbase.com/organization/visiblerisk,Series A,25000000,USD,25000000,2021-05-12,"Cyber Security, Finance, Risk Management",
Series A - Frontegg,https://www.crunchbase.com/funding_round/frontegg-series-a--f67ef27f,"Mountain View, California, United States, North America",Frontegg,https://www.crunchbase.com/organization/frontegg,Series A,25000000,USD,25000000,2021-12-01,"Compliance, Cyber Security, Developer Tools, Enterprise Software, Identity Management, SaaS",Insight Partners
Series A - [redacted],https://www.crunchbase.com/funding_round/redacted-series-a--45e1a19d,"San Francisco, California, United States, North America",[redacted],https://www.crunchbase.com/organization/redacted,Series A,25000000,USD,25000000,2018-01-01,"Cyber Security, Network Security, Small and Medium Businesses, Software",
Series A - LayerX,https://www.crunchbase.com/funding_round/layerx-security-series-a--2c65a13b,"Tel Aviv, Tel Aviv, Israel, Asia",LayerX,https://www.crunchbase.com/organization/layerx-security,Series A,26000000,USD,26000000,2024-05-02,"Cyber Security, Enterprise Software, SaaS, Web Browsers",Glilot Capital Partners
Series A - Elisity,https://www.crunchbase.com/funding_round/elisity-series-a--14a34a18,"San Jose, California, United States, North America",Elisity,https://www.crunchbase.com/organization/elisity,Series A,26000000,USD,26000000,2021-06-15,"Artificial Intelligence (AI), Cyber Security, Information Technology, Network Security, Software","AllegisCyber, Two Bear Capital"
Series A - Cysiv,https://www.crunchbase.com/funding_round/cysiv-series-a--f73d7bce,"Irving, Texas, United States, North America",Cysiv,https://www.crunchbase.com/organization/cysiv,Series A,26000000,USD,26000000,2020-02-12,"Cyber Security, Information Technology, SaaS, Software",Forgepoint Capital
Series A - Seemplicity,https://www.crunchbase.com/funding_round/seemplicity-series-a--8b4fefbf,"Tel Aviv, Tel Aviv, Israel, Asia",Seemplicity,https://www.crunchbase.com/organization/seemplicity,Series A,26000000,USD,26000000,2022-05-31,"Agentic AI, Cyber Security, DevOps, Risk Management, Security",Glilot Capital Partners
Series A - CrowdStrike,https://www.crunchbase.com/funding_round/crowdstrike-series-a--31b6d93c,"Sunnyvale, California, United States, North America",CrowdStrike,https://www.crunchbase.com/organization/crowdstrike,Series A,26000000,USD,26000000,2012-02-23,"Agentic AI, Artificial Intelligence (AI), Cloud Data Services, Cloud Security, Cyber Security, Network Security",Accel
Series A - HarfangLab,https://www.crunchbase.com/funding_round/harfanglab-series-a--0c87308a,"Paris, Ile-de-France, France, Europe",HarfangLab,https://www.crunchbase.com/organization/harfanglab,Series A,25000000,EUR,26446743,2023-10-09,"Cyber Security, Network Security, Software",Crédit Mutuel Innovation
Series A - TENEX.AI,https://www.crunchbase.com/funding_round/tenex-ai-series-a--23bca9b7,"Sarasota, Florida, United States, North America",TENEX.AI,https://www.crunchbase.com/organization/tenex-ai,Series A,27000000,USD,27000000,2025-09-11,"Artificial Intelligence (AI), Cyber Security, Network Security, SaaS",Crosspoint Capital Partners
Series A - Phosphorus Cybersecurity,https://www.crunchbase.com/funding_round/phosphorus-2-series-a--3711a2e9,"Nashville, Tennessee, United States, North America",Phosphorus Cybersecurity,https://www.crunchbase.com/organization/phosphorus-2,Series A,27000000,USD,27000000,2023-12-20,"Business Information Systems, Cyber Security, Internet of Things, Software",Evolution Equity Partners
Series A - IONIX,https://www.crunchbase.com/funding_round/cyberpion-series-a--d204637a,"Tel Aviv-yafo, Tel Aviv, Israel, Asia",IONIX,https://www.crunchbase.com/organization/cyberpion,Series A,27000000,USD,27000000,2022-03-30,"Cloud Security, Computer, Cyber Security, Enterprise Software, Network Security",U.S. Venture Partners
Series A - Look Up Space,https://www.crunchbase.com/funding_round/look-up-space-series-a--5af0d6d4,"Toulouse, Midi-Pyrenees, France, Europe",Look Up Space,https://www.crunchbase.com/organization/look-up-space,Series A,24000000,EUR,27624309,2025-06-11,"Aerospace, Cyber Security, Network Security",ETF Partners
Series A - Bold Security,https://www.crunchbase.com/funding_round/bold-security-series-a--febeb382,"New York, New York, United States, North America",Bold Security,https://www.crunchbase.com/organization/bold-security,Series A,28000000,USD,28000000,2026-03-12,"Artificial Intelligence (AI), Cyber Security, Software","Bessemer Venture Partners, Picture Capital, Red Dot Capital Partners"
Series A - imper.ai,https://www.crunchbase.com/funding_round/imper-ai-series-a--606a0cce,"Tel Aviv, Tel Aviv, Israel, Asia",imper.ai,https://www.crunchbase.com/organization/imper-ai,Series A,28000000,USD,28000000,2025-12-04,"Artificial Intelligence (AI), Cyber Security, Generative AI, Network Security","Battery Ventures, Redpoint"
Series A - QuSecure,https://www.crunchbase.com/funding_round/qusecure-series-a--97e4da47,"San Mateo, California, United States, North America",QuSecure,https://www.crunchbase.com/organization/qusecure,Series A,28000000,USD,28000000,2025-02-12,"Cyber Security, Network Security, Security, Software",Two Bear Capital
Series A - OneLayer,https://www.crunchbase.com/funding_round/onelayer-series-a--659867d1,"Boston, Massachusetts, United States, North America",OneLayer,https://www.crunchbase.com/organization/onelayer,Series A,28000000,USD,28000000,2025-10-16,"Asset Management, Cyber Security, Internet of Things, Network Security, Telecommunications, Wireless",Maor Investments
Series A - Aleo,https://www.crunchbase.com/funding_round/aleo-673f-series-a--28d8b485,"San Francisco, California, United States, North America",Aleo,https://www.crunchbase.com/organization/aleo-673f,Series A,28000000,USD,28000000,2021-04-20,"Blockchain, Cyber Security, Information Technology, Software",Andreessen Horowitz
Series A - Oosto,https://www.crunchbase.com/funding_round/oosto-series-a--2d7f4c17,"Holon, Tel Aviv, Israel, Asia",Oosto,https://www.crunchbase.com/organization/oosto,Series A,28000000,USD,28000000,2018-07-20,"Cyber Security, Information Services, Information Technology, Security, Software",Bosch
Series A - Todyl,https://www.crunchbase.com/funding_round/todyl-series-a--ecd7d893,"Denver, Colorado, United States, North America",Todyl,https://www.crunchbase.com/organization/todyl,Series A,28000000,USD,28000000,2022-03-17,"Cloud Security, Cyber Security, Information Technology, Network Security",Anthos Capital
Series A - Dispersive Technologies,https://www.crunchbase.com/funding_round/dispersive-technologies-series-a--90a1f4c8,"Alpharetta, Georgia, United States, North America",Dispersive Technologies,https://www.crunchbase.com/organization/dispersive-technologies,Series A,28000000,USD,28000000,2016-05-22,"Cyber Security, Information Technology, Internet, Security, Software, Telecommunications",
Series A - Centripetal,https://www.crunchbase.com/funding_round/centripetal-networks-series-a--b4da62be,"Reston, Virginia, United States, North America",Centripetal,https://www.crunchbase.com/organization/centripetal-networks,Series A,28100000,USD,28100000,2014-06-12,"Artificial Intelligence (AI), Cyber Security, Fraud Detection, Internet, Network Security, Real Time, Security",Option3Ventures
Series A - Tuskira,https://www.crunchbase.com/funding_round/tuskira-series-a--7c353537,"Danville, California, United States, North America",Tuskira,https://www.crunchbase.com/organization/tuskira,Series A,28500000,USD,28500000,2024-12-04,"Agentic AI, Artificial Intelligence (AI), Computer, Cyber Security, Network Security, Technical Support","Intel Capital, SYN Ventures"
Series A - SpecterOps,https://www.crunchbase.com/funding_round/specterops-series-a--0a92b31b,"Alexandria, Virginia, United States, North America",SpecterOps,https://www.crunchbase.com/organization/specterops,Series A,28665884,USD,28665884,2023-04-18,"Cyber Security, Information Technology, Network Security, Training",Decibel Partners
Series A - Isovalent,https://www.crunchbase.com/funding_round/covalent-io-series-a--7d4b7999,"Cupertino, California, United States, North America",Isovalent,https://www.crunchbase.com/organization/covalent-io,Series A,29000000,USD,29000000,2020-11-10,"Cloud Security, Cyber Security, Information Technology, Infrastructure, Network Security, Software","Andreessen Horowitz, Google"
Series A - Seraphic Security,https://www.crunchbase.com/funding_round/seraphic-algorithms-series-a--0e8df140,"Tel Aviv, Tel Aviv, Israel, Asia",Seraphic Security,https://www.crunchbase.com/organization/seraphic-algorithms,Series A,29000000,USD,29000000,2025-01-30,"Browser Extensions, Cyber Security, Enterprise, Enterprise Applications, Enterprise Software, Information Services, Information Technology, Software, Web Browsers",GreatPoint Ventures
Series A - Venn,https://www.crunchbase.com/funding_round/venn-4c47-series-a--61c8d25f,"New York, New York, United States, North America",Venn,https://www.crunchbase.com/organization/venn-4c47,Series A,29000000,USD,29000000,2023-06-28,"Cyber Security, Information Technology, Software",NewSpring
Series A - Virtru,https://www.crunchbase.com/funding_round/virtru-series-a--747ea8a5,"Washington, District of Columbia, United States, North America",Virtru,https://www.crunchbase.com/organization/virtru,Series A,29000000,USD,29000000,2016-08-22,"Cyber Security, Information Technology, Privacy, SaaS, Security, Software",Bessemer Venture Partners
Series A - Securonix,https://www.crunchbase.com/funding_round/securonix-inc--series-a--39393866,"Addison, Texas, United States, North America",Securonix,https://www.crunchbase.com/organization/securonix-inc-,Series A,29000000,USD,29000000,2017-09-20,"Analytics, Cloud Infrastructure, Cyber Security, Software",Volition Capital
Series A - InAuth,https://www.crunchbase.com/funding_round/inauth-series-a--28efcfe6,"Boston, Massachusetts, United States, North America",InAuth,https://www.crunchbase.com/organization/inauth,Series A,29917124,USD,29917124,2016-02-11,"Analytics, Android, Cyber Security, FinTech, Fraud Detection, iOS, Mobile, Mobile Payments, Software",Bain Capital Ventures
Series A - Mindgard,https://www.crunchbase.com/funding_round/mindgard-series-a--8e10f830,"London, England, United Kingdom, Europe",Mindgard,https://www.crunchbase.com/organization/mindgard,Series A,30000000,USD,30000000,2026-08-12,"Artificial Intelligence (AI), Cyber Security",Album VC
Series A - Hush Security,https://www.crunchbase.com/funding_round/hush-security-series-a--247ad5b7,"Tel Aviv-yafo, Tel Aviv, Israel, Asia",Hush Security,https://www.crunchbase.com/organization/hush-security,Series A,30000000,USD,30000000,2026-07-28,"Artificial Intelligence (AI), Computer, Cyber Security, Network Security",
Series A - Runlayer,https://www.crunchbase.com/funding_round/runlayer-series-a--e8f333f6,"New York, New York, United States, North America",Runlayer,https://www.crunchbase.com/organization/runlayer,Series A,30000000,USD,30000000,2026-06-24,"Artificial Intelligence (AI), Cloud Security, Cyber Security, Finance, Health Care, Internet of Things","Felicis, Khosla Ventures"
Series A - Geordie AI,https://www.crunchbase.com/funding_round/geordie-ai-series-a--ab7acc3e,"London, England, United Kingdom, Europe",Geordie AI,https://www.crunchbase.com/organization/geordie-ai,Series A,30000000,USD,30000000,2026-05-28,"Artificial Intelligence (AI), Cyber Security, Data Governance, Enterprise Software, Real Time",Balderton Capital
Series A - Fig Security,https://www.crunchbase.com/funding_round/fig-security-series-a--184b5d51,"New York, New York, United States, North America",Fig Security,https://www.crunchbase.com/organization/fig-security,Series A,30000000,USD,30000000,2026-03-03,"Cyber Security, Network Security, Security","Team8, Ten Eleven Ventures"
Series A - Notch,https://www.crunchbase.com/funding_round/notch-07c8-series-a--7b6cdf5d,"Tel Aviv, Tel Aviv, Israel, Asia",Notch,https://www.crunchbase.com/organization/notch-07c8,Series A,30000000,USD,30000000,2026-03-25,"Artificial Intelligence (AI), Content Creators, Cyber Security, InsurTech, SaaS, Social Media",Headline
Series A - Qevlar AI,https://www.crunchbase.com/funding_round/qevlar-ai-series-a--1650a8dd,"Paris, Ile-de-France, France, Europe",Qevlar AI,https://www.crunchbase.com/organization/qevlar-ai,Series A,30000000,USD,30000000,2026-03-10,"Artificial Intelligence (AI), Cyber Security, Information Technology, Network Security, SaaS","Forgepoint Capital, Partech"
Series A - Clover Security,https://www.crunchbase.com/funding_round/clover-security-series-a--36c9c2c7,"New York, New York, United States, North America",Clover Security,https://www.crunchbase.com/organization/clover-security,Series A,30000000,USD,30000000,2025-11-25,"Artificial Intelligence (AI), Cyber Security, Security","Notable Capital, Team8"
Series A - Sentra,https://www.crunchbase.com/funding_round/sentra-series-a--319775f9,"New York, New York, United States, North America",Sentra,https://www.crunchbase.com/organization/sentra,Series A,30000000,USD,30000000,2023-01-31,"AI Infrastructure, Artificial Intelligence (AI), Cloud Security, Cyber Security, Network Security, SaaS",Standard Investments
Series A - Prophet Security,https://www.crunchbase.com/funding_round/prophet-security-series-a--0f2756e7,"Palo Alto, California, United States, North America",Prophet Security,https://www.crunchbase.com/organization/prophet-security,Series A,30000000,USD,30000000,2025-07-29,"Artificial Intelligence (AI), Computer, Cyber Security, Network Security, Security",Accel
Series A - PeerSpot,https://www.crunchbase.com/funding_round/it-central-station-series-a--23b5bf46,"New York, New York, United States, North America",PeerSpot,https://www.crunchbase.com/organization/it-central-station,Series A,30000000,USD,30000000,2021-10-06,"B2B, Cyber Security, DevOps, Information Technology, Marketing",Invictus Growth Partners
Series A - MIND,https://www.crunchbase.com/funding_round/mind-a95b-series-a--b18e7942,"Seattle, Washington, United States, North America",MIND,https://www.crunchbase.com/organization/mind-a95b,Series A,30000000,USD,30000000,2025-06-04,"Artificial Intelligence (AI), Cyber Security, Machine Learning, Network Security","Crosspoint Capital Partners, Paladin Capital Group"
Series A - Terra Security,https://www.crunchbase.com/funding_round/terra-security-series-a--b6d4596c,"New York, New York, United States, North America",Terra Security,https://www.crunchbase.com/organization/terra-security,Series A,30000000,USD,30000000,2025-09-15,"Artificial Intelligence (AI), Cyber Security, Information Technology, Penetration Testing, Software",Felicis
Series A - Keepit,https://www.crunchbase.com/funding_round/keepit-series-a--8fb5013b,"Copenhagen, Hovedstaden, Denmark, Europe",Keepit,https://www.crunchbase.com/organization/keepit,Series A,30000000,USD,30000000,2020-09-14,"Cloud Data Services, Cyber Security, Enterprise Software, Information Technology, SaaS",One Peak
Series A - FileCloud,https://www.crunchbase.com/funding_round/codelathe-series-a--b323c73a,"Austin, Texas, United States, North America",FileCloud,https://www.crunchbase.com/organization/codelathe,Series A,30000000,USD,30000000,2021-12-14,"Cloud Infrastructure, Cloud Security, Compliance, Cyber Security, Database, DRM, Enterprise, Mobile Apps, Private Cloud, Security",Savant Growth
Series A - iCOUNTER,https://www.crunchbase.com/funding_round/icounter-series-a--2f23ee21,"Dallas, Texas, United States, North America",iCOUNTER,https://www.crunchbase.com/organization/icounter,Series A,30000000,USD,30000000,2025-07-16,"Cyber Security, Network Security",SYN Ventures
Series A - Origo,https://www.crunchbase.com/funding_round/origo-network-series-a--392fe87d,"Singapore, Central Region, Singapore, Asia",Origo,https://www.crunchbase.com/organization/origo-network,Series A,30000000,USD,30000000,2018-05-31,"Blockchain, Cyber Security, Privacy, Security, Smart Contracts",Polychain
Series A - TOAE Security,https://www.crunchbase.com/funding_round/toae-security-series-a--7b5ca7ff,"Bangalore, Karnataka, India, Asia",TOAE Security,https://www.crunchbase.com/organization/toae-security,Series A,30000000,USD,30000000,2024-09-26,Cyber Security,
Series A - Laminar,https://www.crunchbase.com/funding_round/laminar-d49d-series-a--fb01ea42,"Tel Aviv, Tel Aviv, Israel, Asia",Laminar,https://www.crunchbase.com/organization/laminar-d49d,Series A,30000000,USD,30000000,2022-06-02,"Cloud Infrastructure, Cyber Security, SaaS","Salesforce Ventures, Tiger Global Management"
Series A - ARMO,https://www.crunchbase.com/funding_round/cyber-armor-series-a--23b5b15a,"Tel Aviv, Tel Aviv, Israel, Asia",ARMO,https://www.crunchbase.com/organization/cyber-armor,Series A,30000000,USD,30000000,2022-04-27,"Cloud Security, Cyber Security, DevOps, Information Technology, Security, Software",Tiger Global Management
Series A - Beyond Identity,https://www.crunchbase.com/funding_round/beyond-identity-series-a--1ed52cfb,"New York, New York, United States, North America",Beyond Identity,https://www.crunchbase.com/organization/beyond-identity,Series A,30000000,USD,30000000,2020-04-14,"Cyber Security, Identity Management, Network Security, Software","Koch Disruptive Technologies, New Enterprise Associates"
Series A - Rezilion,https://www.crunchbase.com/funding_round/rezilion-series-a--aaa5d708,"Beersheba, HaDarom, Israel, Asia",Rezilion,https://www.crunchbase.com/organization/rezilion,Series A,30000000,USD,30000000,2021-09-13,"Cloud Security, Cyber Security, SaaS, Software",Guggenheim Investments
Series A - Legit Security,https://www.crunchbase.com/funding_round/legit-security-series-a--74874952,"Boston, Massachusetts, United States, North America",Legit Security,https://www.crunchbase.com/organization/legit-security,Series A,30000000,USD,30000000,2022-02-10,"Artificial Intelligence (AI), Cyber Security, SaaS, Software","Bessemer Venture Partners, TCV"
Series A - Liaison Technologies,https://www.crunchbase.com/funding_round/liaison-technologies-series-a--1792e82b,"Alpharetta, Georgia, United States, North America",Liaison Technologies,https://www.crunchbase.com/organization/liaison-technologies,Series A,30000000,USD,30000000,2012-04-10,"Cloud Data Services, Cyber Security, Data Integration, Mobile Devices, SaaS, Security, Software",Merck Global Health Innovation Fund
Series A - AppViewX,https://www.crunchbase.com/funding_round/appviewx-series-a--eeb9ed2a,"New York, New York, United States, North America",AppViewX,https://www.crunchbase.com/organization/appviewx,Series A,30000000,USD,30000000,2019-07-29,"Cyber Security, Enterprise Software, Identity Management, Information Technology, Network Security",Brighton Park Capital
Series A - DNSFilter,https://www.crunchbase.com/funding_round/dnsfilter-series-a--b5af74ce,"Washington, District of Columbia, United States, North America",DNSFilter,https://www.crunchbase.com/organization/dnsfilter,Series A,30000000,USD,30000000,2021-07-21,"Cyber Security, Machine Learning, Network Security, Security",Insight Partners
Series A - CipherCloud,https://www.crunchbase.com/funding_round/ciphercloud-series-a--ae7996e1,"San Jose, California, United States, North America",CipherCloud,https://www.crunchbase.com/organization/ciphercloud,Series A,30000000,USD,30000000,2012-12-05,"Cloud Security, Cyber Security, Network Security, Privacy, Software",Andreessen Horowitz
Series A - Malwarebytes,https://www.crunchbase.com/funding_round/malwarebytes-series-a--5a35c8aa,"Santa Clara, California, United States, North America",Malwarebytes,https://www.crunchbase.com/organization/malwarebytes,Series A,30000000,USD,30000000,2014-07-10,"Computer, Cyber Security, Network Security, Software",Highland Capital Partners
Series A - Field Effect,https://www.crunchbase.com/funding_round/field-effect-software-series-a--38380181,"Ottawa, Ontario, Canada, North America",Field Effect,https://www.crunchbase.com/organization/field-effect-software,Series A,41000000,CAD,30088298,2022-10-03,"Computer, Cyber Security, Human Computer Interaction, Software, Software Engineering",Edison Partners
Series A - RADICL Defense,https://www.crunchbase.com/funding_round/radicl-defense-series-a--01dd34aa,"Boulder, Colorado, United States, North America",RADICL Defense,https://www.crunchbase.com/organization/radicl-defense,Series A,31000000,USD,31000000,2026-02-03,"Cyber Security, Digital Signage, Software",Paladin Capital Group
Series A - Root,https://www.crunchbase.com/funding_round/slim-ai-series-a--bfdad4f2,"Boston, Massachusetts, United States, North America",Root,https://www.crunchbase.com/organization/slim-ai,Series A,31000000,USD,31000000,2022-01-26,"Application Performance Management, Apps, Cloud Computing, Cloud Security, Compliance, Cyber Security, DevOps, Enterprise Software, SaaS, Security","Global Venture Capital, Insight Partners, StepStone Group"
Series A - Securiti,https://www.crunchbase.com/funding_round/securiti-ai-series-a--2036abc2,"San Jose, California, United States, North America",Securiti,https://www.crunchbase.com/organization/securiti-ai,Series A,31000000,USD,31000000,2019-08-08,"Artificial Intelligence (AI), Cloud Security, Cyber Security, Data Governance, Data Management, Enterprise Software, Privacy, Risk Management, Security",Mayfield Fund
Series A - Oosto,https://www.crunchbase.com/funding_round/oosto-series-a--3d0aa61b,"Holon, Tel Aviv, Israel, Asia",Oosto,https://www.crunchbase.com/organization/oosto,Series A,31000000,USD,31000000,2019-06-18,"Cyber Security, Information Services, Information Technology, Security, Software",
Series A - 315Net,https://www.crunchbase.com/funding_round/315net-series-a--ff7ec899,"Hainan, Hainan, China, Asia",315Net,https://www.crunchbase.com/organization/315net,Series A,31600000,USD,31600000,2018-03-14,"Cyber Security, Information Technology, Marketing",Mount Morning Capital
Series A - ORION Security,https://www.crunchbase.com/funding_round/orion-security-e3dd-series-a--f2903247,"New York, New York, United States, North America",ORION Security,https://www.crunchbase.com/organization/orion-security-e3dd,Series A,32000000,USD,32000000,2026-02-03,"Artificial Intelligence (AI), Cyber Security, Network Security",Norwest
Series A - Claroty,https://www.crunchbase.com/funding_round/claroty-series-a--8e6bdec4,"New York, New York, United States, North America",Claroty,https://www.crunchbase.com/organization/claroty,Series A,32000000,USD,32000000,2016-09-13,"Cyber Security, Health Care, Internet of Things, Network Security, Security",Bessemer Venture Partners
Series A - Cider Security,https://www.crunchbase.com/funding_round/cider-security-series-a--1576a479,"Tel Aviv-yafo, Tel Aviv, Israel, Asia",Cider Security,https://www.crunchbase.com/organization/cider-security,Series A,32000000,USD,32000000,2022-03-07,"Computer, Cyber Security, Security, Software Engineering",Tiger Global Management
Series A - Area 1 Security,https://www.crunchbase.com/funding_round/area-1-security-series-a--7dd73d35,"Redwood City, California, United States, North America",Area 1 Security,https://www.crunchbase.com/organization/area-1-security,Series A,32000000,USD,32000000,2018-10-23,"Cyber Security, Network Security, Security",Kleiner Perkins
Series A - Laminar,https://www.crunchbase.com/funding_round/laminar-d49d-series-a--5919f8a8,"Tel Aviv, Tel Aviv, Israel, Asia",Laminar,https://www.crunchbase.com/organization/laminar-d49d,Series A,32000000,USD,32000000,2021-11-17,"Cloud Infrastructure, Cyber Security, SaaS",Insight Partners
Series A - IronNet Cybersecurity,https://www.crunchbase.com/funding_round/ironnet-cybersecurity-series-a--ed5944e2,"Mclean, Virginia, United States, North America",IronNet Cybersecurity,https://www.crunchbase.com/organization/ironnet-cybersecurity,Series A,32500000,USD,32500000,2015-10-25,"Cyber Security, Network Security",Forgepoint Capital
Series A - Oneleet,https://www.crunchbase.com/funding_round/oneleet-series-a--5514682a,"Wilmington, Delaware, United States, North America",Oneleet,https://www.crunchbase.com/organization/oneleet,Series A,33000000,USD,33000000,2025-10-02,"Artificial Intelligence (AI), Compliance, Cyber Security, Penetration Testing, SaaS",Dawn Capital
Series A - Linx Security,https://www.crunchbase.com/funding_round/linx-security-series-a--1fd329b2,"New York, New York, United States, North America",Linx Security,https://www.crunchbase.com/organization/linx-security,Series A,33000000,USD,33000000,2024-07-22,"Agentic AI, Cyber Security, Identity Management","Cyberstarts, Index Ventures"
Series A - Sweet Security,https://www.crunchbase.com/funding_round/sweet-security-series-a--9349ed94,"Tel Aviv, Tel Aviv, Israel, Asia",Sweet Security,https://www.crunchbase.com/organization/sweet-security,Series A,33000000,USD,33000000,2024-03-06,"Cloud Security, Cyber Security, Information Technology, Software",Evolution Equity Partners
Series A - Safe Security,https://www.crunchbase.com/funding_round/lucideus-series-a--c7c7af34,"Palo Alto, California, United States, North America",Safe Security,https://www.crunchbase.com/organization/lucideus,Series A,33000000,USD,33000000,2021-07-21,"Artificial Intelligence (AI), Cyber Security, Information Technology, Network Security, Risk Management",BT
Series A - Blockaid,https://www.crunchbase.com/funding_round/blockaid-series-a--e5ada646,"Tel Aviv-jaffa, Tel Aviv, Israel, Asia",Blockaid,https://www.crunchbase.com/organization/blockaid,Series A,33000000,USD,33000000,2023-10-23,"Blockchain, Cyber Security, Network Security, Risk Management, Security",Ribbit Capital
Series A - Oleria,https://www.crunchbase.com/funding_round/oleria-series-a--162c911d,"Bellevue, Washington, United States, North America",Oleria,https://www.crunchbase.com/organization/oleria,Series A,33100000,USD,33100000,2024-01-18,"Cyber Security, Risk Management, Security, Software",Evolution Equity Partners
Series A - Dream,https://www.crunchbase.com/funding_round/dream-security-bc59-series-a--8a0948f2,"Tel Aviv, Tel Aviv, Israel, Asia",Dream,https://www.crunchbase.com/organization/dream-security-bc59,Series A,33600000,USD,33600000,2023-11-21,"Artificial Intelligence (AI), Cyber Security, Information Technology, National Security, Security","Aleph, Group 11"
Series A - Dig Security,https://www.crunchbase.com/funding_round/dig-security-series-a--c25ede70,"Tel Aviv, Tel Aviv, Israel, Asia",Dig Security,https://www.crunchbase.com/organization/dig-security,Series A,34000000,USD,34000000,2022-09-14,"Cloud Infrastructure, Cloud Security, Cyber Security, Network Security, Software",SignalFire
Series A - Onyx Security,https://www.crunchbase.com/funding_round/onyx-security-inc-series-a--8b0b0cf8,"Wilmington, Delaware, United States, North America",Onyx Security,https://www.crunchbase.com/organization/onyx-security-inc,Series A,35000000,USD,35000000,2026-03-12,"Artificial Intelligence (AI), Cyber Security, Information Technology, Software","Conviction, Cyberstarts"
Series A - Echo,https://www.crunchbase.com/funding_round/echo-d91c-series-a--dc28f877,"New York, New York, United States, North America",Echo,https://www.crunchbase.com/organization/echo-d91c,Series A,35000000,USD,35000000,2025-12-16,"Artificial Intelligence (AI), Cloud Security, Computer, Cyber Security, Network Security, Software",N47
Series A - Sola Security,https://www.crunchbase.com/funding_round/sola-security-series-a--bf85a653,"Tel Aviv-jaffa, Tel Aviv, Israel, Asia",Sola Security,https://www.crunchbase.com/organization/sola-security,Series A,35000000,USD,35000000,2025-09-04,"Artificial Intelligence (AI), Cyber Security, Natural Language Processing, Network Security",S32
Series A - Docker,https://www.crunchbase.com/funding_round/docker-series-a--0e43c64e,"Palo Alto, California, United States, North America",Docker,https://www.crunchbase.com/organization/docker,Series A,35000000,USD,35000000,2019-11-13,"Cyber Security, Developer Platform, Developer Tools, DevOps, Information Technology, Software","Benchmark, Insight Partners"
Series A - Callsign,https://www.crunchbase.com/funding_round/callsign-series-a--9bfed22c,"London, England, United Kingdom, Europe",Callsign,https://www.crunchbase.com/organization/callsign,Series A,35000000,USD,35000000,2018-03-12,"Artificial Intelligence (AI), Biometrics, Cyber Security, FinTech, Fraud Detection, Identity Management, Machine Learning, Network Security, Privacy, Software","Accel, PTB Ventures"
Series A - iboss,https://www.crunchbase.com/funding_round/iboss-series-a--e7c345fc,"Boston, Massachusetts, United States, North America",iboss,https://www.crunchbase.com/organization/iboss,Series A,35000000,USD,35000000,2015-11-03,"Cloud Computing, Cyber Security, Network Security, SaaS, Security, Software",Goldman Sachs Growth Equity
Series A - Protect AI,https://www.crunchbase.com/funding_round/protect-ai-series-a--fe6dc6a7,"Seattle, Washington, United States, North America",Protect AI,https://www.crunchbase.com/organization/protect-ai,Series A,35000000,USD,35000000,2023-07-26,"Artificial Intelligence (AI), Cyber Security, Machine Learning, Security, Software",Evolution Equity Partners
Series A - AegisAI,https://www.crunchbase.com/funding_round/aegisai-series-a--cbdc13e9,"New York, New York, United States, North America",AegisAI,https://www.crunchbase.com/organization/aegisai,Series A,36000000,USD,36000000,2026-07-23,"Agentic AI, Artificial Intelligence (AI), Cyber Security, Intrusion Detection, Security",Battery Ventures
Series A - Memcyco,https://www.crunchbase.com/funding_round/memcyco-series-a--6e710531,"Beney Beraq, Tel Aviv, Israel, Asia",Memcyco,https://www.crunchbase.com/organization/memcyco,Series A,37000000,USD,37000000,2026-01-27,"Cyber Security, Fraud Detection, Information Technology, Software",NAventures
Series A - Sekoia,https://www.crunchbase.com/funding_round/sekoia-2-series-a--17e55bdd,"Rennes, Bretagne, France, Europe",Sekoia,https://www.crunchbase.com/organization/sekoia-2,Series A,35000000,EUR,37644771,2023-05-24,"Artificial Intelligence (AI), Cyber Security, SaaS, Software",
Series A - Twenty Technologies,https://www.crunchbase.com/funding_round/twenty-technologies-series-a--b7af3154,"Arlington, Virginia, United States, North America",Twenty Technologies,https://www.crunchbase.com/organization/twenty-technologies,Series A,38000000,USD,38000000,2025-11-20,"Artificial Intelligence (AI), Cyber Security, Military, Software",Caffeinated Capital
Series A - Koi,https://www.crunchbase.com/funding_round/koi-50b3-series-a--cf2bb5e1,"Tel Aviv, Tel Aviv, Israel, Asia",Koi,https://www.crunchbase.com/organization/koi-50b3,Series A,38000000,USD,38000000,2025-09-10,"Computer, Cyber Security, Network Security","Battery Ventures, NFX, Picture Capital, Team8"
Series A - Phosphorus Cybersecurity,https://www.crunchbase.com/funding_round/phosphorus-2-series-a--9a37d46f,"Nashville, Tennessee, United States, North America",Phosphorus Cybersecurity,https://www.crunchbase.com/organization/phosphorus-2,Series A,38000000,USD,38000000,2022-02-22,"Business Information Systems, Cyber Security, Internet of Things, Software","MassMutual Ventures, SYN Ventures"
Series A - Zscaler,https://www.crunchbase.com/funding_round/zscaler-series-a--7f74ad20,"San Jose, California, United States, North America",Zscaler,https://www.crunchbase.com/organization/zscaler,Series A,38000000,USD,38000000,2012-08-30,"Cloud Security, Cyber Security, Enterprise Software, Security",Lightspeed Venture Partners
Series A - Sertainty Corporation,https://www.crunchbase.com/funding_round/sertintyone-series-a--765ab0b9,"Nashville, Tennessee, United States, North America",Sertainty Corporation,https://www.crunchbase.com/organization/sertintyone,Series A,39646900,USD,39646900,2015-10-29,"Cyber Security, Information Services, Information Technology, Internet, Security, Software",
Series A - Act Security,https://www.crunchbase.com/funding_round/act-security-5914-series-a--61eda0b2,"Tel Aviv, Tel Aviv, Israel, Asia",Act Security,https://www.crunchbase.com/organization/act-security-5914,Series A,40000000,USD,40000000,2025-12-29,"Computer, Cyber Security, Network Security",Notable Capital
Series A - Gray Swan,https://www.crunchbase.com/funding_round/gray-swan-series-a--18281033,"Pittsburgh, Pennsylvania, United States, North America",Gray Swan,https://www.crunchbase.com/organization/gray-swan,Series A,40000000,USD,40000000,2026-05-28,"Artificial Intelligence (AI), Cyber Security, Developer Tools","Madrona, Wing Venture Capital"
Series A - depthfirst,https://www.crunchbase.com/funding_round/depthfirst-aa28-series-a--3f111d95,"San Francisco, California, United States, North America",depthfirst,https://www.crunchbase.com/organization/depthfirst-aa28,Series A,40000000,USD,40000000,2026-01-14,"Agentic AI, Cyber Security, Enterprise Software",Accel
Series A - Cyence,https://www.crunchbase.com/funding_round/cyence-series-a--58604387,"San Mateo, California, United States, North America",Cyence,https://www.crunchbase.com/organization/cyence,Series A,40000000,USD,40000000,2016-09-15,"Computer, Cyber Security, Insurance, Software","Dowling Capital Management, New Enterprise Associates"
Series A - Saviynt,https://www.crunchbase.com/funding_round/saviynt-series-a--e74ac6d6,"El Segundo, California, United States, North America",Saviynt,https://www.crunchbase.com/organization/saviynt,Series A,40000000,USD,40000000,2018-04-18,"Artificial Intelligence (AI), Cloud Data Services, Cyber Security, Enterprise Software, Identity Management",Carrick Capital Partners
Series A - MPCH,https://www.crunchbase.com/funding_round/mpch-labs-series-a--973323fa,"London, England, United Kingdom, Europe",MPCH,https://www.crunchbase.com/organization/mpch-labs,Series A,40000000,USD,40000000,2022-09-27,"Cryptocurrency, Cyber Security, Internet",Liberty City Ventures